id2010,nev
M01/T001,Budapest I.ker.
M01/T002,Budapest II.ker.
M01/T003,Budapest III.ker.
M01/T004,Budapest IV.ker.
M01/T015,Budapest XV.ker.
M01/T005,Budapest V.ker.
M01/T013,Budapest XIII.ker.
M01/T006,Budapest VI.ker.
M01/T007,Budapest VII.ker.
M01/T008,Budapest VIII.ker.
M01/T009,Budapest IX.ker.
M01/T020,Budapest XX.ker.
M01/T010,Budapest X.ker.
M01/T011,Budapest XI.ker.
M01/T012,Budapest XII.ker.
M01/T014,Budapest XIV.ker.
M01/T016,Budapest XVI.ker.
M01/T017,Budapest XVII.ker.
M01/T018,Budapest XVIII.ker.
M01/T019,Budapest XIX.ker.
M01/T023,Budapest XXIII.ker.
M01/T021,Budapest XXI.ker.
M01/T022,Budapest XXII.ker.
M02/T024,Berkesd
M02/T029,Birján
M02/T033,Bogád
M02/T068,Ellend
M02/T140,Kozármisleny
M02/T152,Lothárd
M02/T160,Magyarsarlós
M02/T190,Nagykozár
M02/T217,Pécs
M02/T220,Pécsudvard
M02/T214,Pereked
M02/T227,Romonya
M02/T256,Szemely
M02/T264,Szilágy
M02/T001,Abaliget
M02/T013,Bakonya
M02/T047,Cserkút
M02/T102,Husztót
M02/T139,Kovácsszénája
M02/T145,Kõvágószõlõs
M02/T146,Kõvágótöttös
M02/T202,Orfû
M02/T008,Aranyosgadány
M02/T084,Görcsöny
M02/T086,Gyód
M02/T115,Keszü
M02/T143,Kökény
M02/T213,Pellérd
M02/T223,Pogány
M02/T226,Regenye
M02/T267,Szõke
M02/T009,Ág
M02/T005,Alsómocsolád
M02/T014,Bakóca
M02/T017,Baranyajenõ
M02/T018,Baranyaszentgyörgy
M02/T028,Bikal
M02/T032,Bodolyabér
M02/T067,Egyházaskozár
M02/T075,Felsõegerszeg
M02/T080,Gerényes
M02/T083,Gödre
M02/T091,Hegyhátmaróc
M02/T101,Hosszúhetény
M02/T111,Kárász
M02/T121,Kisbeszterce
M02/T125,Kishajmás
M02/T136,Kisvaszar
M02/T137,Komló
M02/T142,Köblény
M02/T149,Liget
M02/T169,Mágocs
M02/T156,Magyaregregy
M02/T157,Magyarhertelend
M02/T161,Magyarszék
M02/T170,Mánfa
M02/T174,Máza
M02/T176,Mecsekpölöske
M02/T177,Mekényes
M02/T179,Mezõd
M02/T180,Mindszentgodisa
M02/T188,Nagyhajmás
M02/T203,Oroszló
M02/T208,Palé
M02/T231,Sásd
M02/T250,Szágy
M02/T246,Szalatnak
M02/T251,Szárász
M02/T252,Szászvár
M02/T271,Tarrós
M02/T274,Tékes
M02/T278,Tófû
M02/T277,Tormás
M02/T285,Varga
M02/T288,Vásárosdombó
M02/T289,Vázsnok
M02/T293,Vékény
M02/T007,Apátvarasd
M02/T011,Babarc
M02/T021,Bár
M02/T022,Belvárdgyula
M02/T026,Bezedek
M02/T040,Bóly
M02/T037,Borjád
M02/T064,Dunaszekcsõ
M02/T070,Erdõsmárok
M02/T071,Erdõsmecske
M02/T072,Erzsébet
M02/T073,Fazekasboda
M02/T074,Feked
M02/T079,Geresdlak
M02/T085,Görcsönydoboka
M02/T090,Hásságy
M02/T095,Hidas
M02/T096,Himesháza
M02/T099,Homorúd
M02/T107,Ivándárda
M02/T113,Kátoly
M02/T116,Kékesd
M02/T122,Kisbudmér
M02/T131,Kisnyárád
M02/T144,Kölked
M02/T148,Lánycsók
M02/T150,Lippó
M02/T151,Liptód
M02/T153,Lovászhetény
M02/T163,Majs
M02/T164,Maráza
M02/T172,Máriakéménd
M02/T167,Martonfa
M02/T175,Mecseknádasd
M02/T181,Mohács
M02/T183,Monyoród
M02/T185,Nagybudmér
M02/T191,Nagynyárád
M02/T192,Nagypall
M02/T204,Óbánya
M02/T206,Ófalu
M02/T200,Olasz
M02/T210,Palotabozsok
M02/T221,Pécsvárad
M02/T224,Pócsa
M02/T230,Sárok
M02/T232,Sátorhely
M02/T237,Somberek
M02/T245,Szajk
M02/T253,Szebény
M02/T254,Szederkény
M02/T262,Székelyszabar
M02/T255,Szellõ
M02/T270,Szûr
M02/T280,Töttös
M02/T282,Udvar
M02/T294,Véménd
M02/T292,Versend
M02/T300,Zengõvárkony
M02/T002,Adorjás
M02/T006,Alsószentmárton
M02/T010,Áta
M02/T012,Babarcszõlõs
M02/T015,Baksa
M02/T016,Baranyahídvég
M02/T023,Beremend
M02/T025,Besence
M02/T030,Bisse
M02/T034,Bogádmindszent
M02/T038,Bosta
M02/T044,Csányoszró
M02/T043,Csarnóta
M02/T050,Cún
M02/T053,Diósviszló
M02/T054,Drávacsehi
M02/T055,Drávacsepely
M02/T057,Drávaiványi
M02/T059,Drávapalkonya
M02/T060,Drávapiski
M02/T061,Drávaszabolcs
M02/T062,Drávaszerdahely
M02/T063,Drávasztára
M02/T065,Egerág
M02/T066,Egyházasharaszti
M02/T077,Garé
M02/T081,Gilvánfa
M02/T082,Gordisa
M02/T089,Harkány
M02/T092,Hegyszentmárton
M02/T097,Hirics
M02/T104,Illocska
M02/T105,Ipacsfa
M02/T106,Ivánbattyán
M02/T110,Kákics
M02/T112,Kásád
M02/T117,Kémes
M02/T114,Kemse
M02/T120,Kisasszonyfa
M02/T123,Kisdér
M02/T126,Kisharsány
M02/T127,Kisherend
M02/T128,Kisjakabfalva
M02/T129,Kiskassa
M02/T130,Kislippó
M02/T132,Kisszentmárton
M02/T134,Kistapolca
M02/T135,Kistótfalu
M02/T141,Kórós
M02/T138,Kovácshida
M02/T147,Lapáncsa
M02/T154,Lúzsok
M02/T155,Magyarbóly
M02/T159,Magyarmecske
M02/T162,Magyartelek
M02/T171,Márfa
M02/T166,Marócsa
M02/T173,Márok
M02/T168,Matty
M02/T186,Nagycsány
M02/T189,Nagyharsány
M02/T194,Nagytótfalu
M02/T205,Ócsárd
M02/T198,Okorág
M02/T201,Old
M02/T207,Ózdfalu
M02/T209,Palkonya
M02/T212,Páprád
M02/T219,Pécsdevecser
M02/T215,Peterd
M02/T222,Piskó
M02/T225,Rádfalva
M02/T229,Sámod
M02/T233,Sellye
M02/T234,Siklós
M02/T235,Siklósbodony
M02/T236,Siklósnagyfalu
M02/T242,Sósvertike
M02/T247,Szalánta
M02/T248,Szaporca
M02/T249,Szava
M02/T265,Szilvás
M02/T268,Szõkéd
M02/T273,Tengeri
M02/T275,Tésenfa
M02/T276,Téseny
M02/T281,Túrony
M02/T283,Újpetre
M02/T284,Vajszló
M02/T290,Vejti
M02/T295,Villány
M02/T296,Villánykövesd
M02/T297,Vokány
M02/T298,Zaláta
M02/T003,Almamellék
M02/T004,Almáskeresztúr
M02/T020,Bánfa
M02/T019,Basal
M02/T027,Bicsérd
M02/T031,Boda
M02/T035,Bogdása
M02/T036,Boldogasszonyfa
M02/T039,Botykapeterd
M02/T041,Bükkösd
M02/T042,Bürüs
M02/T045,Csebény
M02/T046,Cserdi
M02/T048,Csertõ
M02/T049,Csonkamindszent
M02/T051,Dencsháza
M02/T052,Dinnyeberki
M02/T056,Drávafok
M02/T058,Drávakeresztúr
M02/T069,Endrõc
M02/T076,Felsõszentmárton
M02/T078,Gerde
M02/T087,Gyöngyfa
M02/T088,Gyöngyösmellék
M02/T093,Helesfa
M02/T094,Hetvehely
M02/T098,Hobol
M02/T100,Horváthertelend
M02/T103,Ibafa
M02/T108,Kacsóta
M02/T109,Katádfa
M02/T118,Kétújfalu
M02/T119,Királyegyháza
M02/T124,Kisdobsza
M02/T133,Kistamási
M02/T158,Magyarlukafa
M02/T165,Markóc
M02/T178,Merenye
M02/T182,Molvány
M02/T184,Mozsgó
M02/T187,Nagydobsza
M02/T193,Nagypeterd
M02/T195,Nagyváty
M02/T196,Nemeske
M02/T197,Nyugotszenterzsébet
M02/T199,Okorvölgy
M02/T211,Patapoklosi
M02/T218,Pécsbagota
M02/T216,Pettend
M02/T228,Rózsafa
M02/T238,Somogyapáti
M02/T240,Somogyhárságy
M02/T239,Somogyhatvan
M02/T241,Somogyviszló
M02/T243,Sumony
M02/T244,Szabadszentkirály
M02/T257,Szentdénes
M02/T258,Szentegát
M02/T259,Szentkatalin
M02/T260,Szentlászló
M02/T261,Szentlõrinc
M02/T263,Szigetvár
M02/T266,Szörény
M02/T269,Szulimán
M02/T272,Teklafalu
M02/T279,Tótszentgyörgy
M02/T286,Várad
M02/T287,Vásárosbéc
M02/T291,Velény
M02/T299,Zádor
M02/T301,Zók
M03/T060,Kecskemét
M03/T003,Ágasegyháza
M03/T005,Ballószög
M03/T016,Bugac
M03/T017,Bugacpusztaháza
M03/T040,Fülöpjakab
M03/T043,Gátér
M03/T048,Helvécia
M03/T053,Jakabszállás
M03/T075,Kunszállás
M03/T079,Lakitelek
M03/T087,Nyárlõrinc
M03/T089,Orgovány
M03/T092,Pálmonostora
M03/T104,Szentkirály
M03/T110,Tiszaalpár
M03/T111,Tiszakécske
M03/T112,Tiszaug
M03/T118,Városföld
M03/T002,Apostag
M03/T026,Dunaegyháza
M03/T031,Dunavecse
M03/T036,Felsõlajos
M03/T039,Fülöpháza
M03/T062,Kerekegyháza
M03/T070,Kunadacs
M03/T072,Kunbaracs
M03/T074,Kunpeszér
M03/T076,Kunszentmiklós
M03/T077,Ladánybene
M03/T078,Lajosmizse
M03/T096,Solt
M03/T100,Szabadszállás
M03/T102,Szalkszentmárton
M03/T107,Tass
M03/T115,Újsolt
M03/T023,Csólyospálos
M03/T055,Jászszentlászló
M03/T065,Kiskunfélegyháza
M03/T067,Kiskunmajsa
M03/T069,Kömpöc
M03/T084,Móricgát
M03/T093,Petõfiszállás
M03/T001,Akasztó
M03/T015,Bócsa
M03/T021,Csengõd
M03/T041,Fülöpszállás
M03/T051,Imrehegy
M03/T052,Izsák
M03/T057,Kaskantyú
M03/T059,Kecel
M03/T064,Kiskõrös
M03/T091,Páhi
M03/T097,Soltszentimre
M03/T098,Soltvadkert
M03/T106,Tabdi
M03/T013,Bátya
M03/T018,Császártöltés
M03/T025,Drágszél
M03/T028,Dunapataj
M03/T029,Dunaszentbenedek
M03/T030,Dunatetétlen
M03/T032,Dusnok
M03/T034,Érsekhalma
M03/T035,Fajsz
M03/T038,Foktõ
M03/T044,Géderlak
M03/T045,Hajós
M03/T047,Harta
M03/T050,Homokmégy
M03/T056,Kalocsa
M03/T083,Miske
M03/T086,Nemesnádudvar
M03/T088,Ordas
M03/T090,Öregcsertõ
M03/T101,Szakmár
M03/T116,Újtelek
M03/T114,Uszód
M03/T006,Balotaszállás
M03/T046,Harkakötöny
M03/T061,Kelebia
M03/T066,Kiskunhalas
M03/T068,Kisszállás
M03/T073,Kunfehértó
M03/T094,Pirtó
M03/T103,Szank
M03/T109,Tázlár
M03/T113,Tompa
M03/T119,Zsana
M03/T004,Baja
M03/T012,Bátmonostor
M03/T019,Csátalja
M03/T024,Dávod
M03/T027,Dunafalva
M03/T033,Érsekcsanád
M03/T049,Hercegszántó
M03/T085,Nagybaracska
M03/T099,Sükösd
M03/T105,Szeremle
M03/T117,Vaskút
M03/T007,Bácsalmás
M03/T008,Bácsbokod
M03/T009,Bácsborsód
M03/T010,Bácsszentgyörgy
M03/T011,Bácsszõlõs
M03/T014,Borota
M03/T020,Csávoly
M03/T022,Csikéria
M03/T037,Felsõszentiván
M03/T042,Gara
M03/T054,Jánoshalma
M03/T058,Katymár
M03/T063,Kéleshalom
M03/T071,Kunbaja
M03/T080,Madaras
M03/T081,Mátételke
M03/T082,Mélykút
M03/T095,Rém
M03/T108,Tataháza
M04/T004,Békéscsaba
M04/T011,Csabaszabadi
M04/T020,Elek
M04/T024,Geszt
M04/T026,Gyula
M04/T034,Kétegyháza
M04/T042,Kötegyán
M04/T044,Lõkösháza
M04/T053,Méhkerék
M04/T050,Mezõgyán
M04/T063,Sarkad
M04/T064,Sarkadkeresztúr
M04/T072,Újszalonta
M04/T003,Békés
M04/T007,Bélmegyer
M04/T013,Csárdaszállás
M04/T016,Doboz
M04/T028,Kamut
M04/T035,Kétsoprony
M04/T040,Köröstarcsa
M04/T049,Mezõberény
M04/T054,Murony
M04/T068,Tarhos
M04/T069,Telekgerendás
M04/T008,Biharugra
M04/T009,Bucsa
M04/T015,Dévaványa
M04/T019,Ecsegfalva
M04/T021,Füzesgyarmat
M04/T032,Kertészsziget
M04/T038,Körösladány
M04/T039,Körösnagyharsány
M04/T041,Körösújfalu
M04/T058,Okány
M04/T067,Szeghalom
M04/T074,Vésztõ
M04/T075,Zsadány
M04/T006,Békésszentandrás
M04/T010,Csabacsûd
M04/T025,Gyomaendrõd
M04/T027,Hunya
M04/T029,Kardos
M04/T037,Kondoros
M04/T060,Örménykút
M04/T066,Szarvas
M04/T005,Békéssámson
M04/T012,Csanádapáca
M04/T014,Csorvás
M04/T022,Gádoros
M04/T023,Gerendás
M04/T030,Kardoskút
M04/T057,Nagyszénás
M04/T059,Orosháza
M04/T061,Pusztaföldvár
M04/T070,Tótkomlós
M04/T001,Almáskamarás
M04/T002,Battonya
M04/T017,Dombegyház
M04/T018,Dombiratos
M04/T031,Kaszaper
M04/T033,Kevermes
M04/T036,Kisdombegyház
M04/T043,Kunágota
M04/T045,Magyarbánhegyes
M04/T046,Magyardombegyház
M04/T047,Medgyesbodzás
M04/T048,Medgyesegyháza
M04/T051,Mezõhegyes
M04/T052,Mezõkovácsháza
M04/T055,Nagybánhegyes
M04/T056,Nagykamarás
M04/T062,Pusztaottlaka
M04/T065,Szabadkígyós
M04/T071,Újkígyós
M04/T073,Végegyháza
M05/T017,Alsózsolca
M05/T020,Arnót
M05/T093,Felsõzsolca
M05/T109,Gesztely
M05/T131,Hernádkak
M05/T133,Hernádnémeti
M05/T202,Miskolc
M05/T264,Sajópálfala
M05/T298,Szirmabesenyõ
M05/T170,Kistokaj
M05/T190,Mályi
M05/T217,Nyékládháza
M05/T055,Bükkszentkereszt
M05/T246,Répáshuta
M05/T019,Arló
M05/T044,Borsodnádasd
M05/T045,Borsodszentgyörgy
M05/T072,Domaháza
M05/T083,Farkaslyuk
M05/T118,Hangony
M05/T149,Járdánháza
M05/T169,Kissikátor
M05/T226,Ózd
M05/T009,Alacska
M05/T026,Bánhorváti
M05/T040,Boldva
M05/T041,Borsodbóta
M05/T046,Borsodszirák
M05/T054,Bükkmogyorósd
M05/T062,Csernely
M05/T066,Csokvaomány
M05/T071,Dédestapolcsány
M05/T173,Kondó
M05/T185,Lénárddaróc
M05/T191,Mályinka
M05/T207,Múcsony
M05/T208,Nagybarca
M05/T213,Nekézseny
M05/T228,Parasznya
M05/T239,Radostyán
M05/T251,Sajóbábony
M05/T252,Sajóecseg
M05/T257,Sajókápolna
M05/T258,Sajókeresztúr
M05/T260,Sajólászlófalva
M05/T267,Sajósenye
M05/T268,Sajószentpéter
M05/T270,Sajóvámos
M05/T275,Sáta
M05/T303,Szuhakálló
M05/T311,Tardona
M05/T338,Uppony
M05/T342,Varbó
M05/T355,Ziliz
M05/T027,Bánréve
M05/T030,Berente
M05/T074,Dubicsány
M05/T112,Gömörszõlõs
M05/T138,Hét
M05/T153,Kazincbarcika
M05/T158,Kelemér
M05/T163,Királd
M05/T238,Putnok
M05/T253,Sajógalgóc
M05/T255,Sajóivánka
M05/T256,Sajókaza
M05/T261,Sajómercse
M05/T262,Sajónémeti
M05/T266,Sajópüspöki
M05/T271,Sajóvelezd
M05/T279,Serényfalva
M05/T340,Vadna
M05/T007,Abod
M05/T008,Aggtelek
M05/T014,Alsószuha
M05/T015,Alsótelekes
M05/T024,Balajt
M05/T028,Becskeháza
M05/T047,Bódvalenke
M05/T048,Bódvarákó
M05/T049,Bódvaszilas
M05/T067,Damak
M05/T069,Debréte
M05/T073,Dövény
M05/T075,Edelény
M05/T081,Égerszög
M05/T088,Felsõkelecsény
M05/T089,Felsõnyárád
M05/T091,Felsõtelekes
M05/T106,Galvács
M05/T117,Hangács
M05/T121,Hegymeg
M05/T140,Hidvégardó
M05/T144,Imola
M05/T146,Irota
M05/T147,Izsófalva
M05/T148,Jákfalva
M05/T150,Jósvafõ
M05/T155,Kánó
M05/T171,Komjáti
M05/T179,Kurityán
M05/T182,Ládbesenyõ
M05/T180,Lak
M05/T188,Martonyi
M05/T193,Meszes
M05/T220,Nyomár
M05/T223,Ormosbánya
M05/T234,Perkupa
M05/T240,Ragály
M05/T241,Rakaca
M05/T242,Rakacaszend
M05/T249,Rudabánya
M05/T250,Rudolftelep
M05/T282,Szakácsi
M05/T285,Szalonna
M05/T290,Szendrõ
M05/T291,Szendrõlád
M05/T296,Szin
M05/T297,Szinpetri
M05/T300,Szögliget
M05/T301,Szõlõsardó
M05/T302,Szuhafõ
M05/T304,Szuhogy
M05/T314,Teresztenye
M05/T330,Tomor
M05/T331,Tornabarakony
M05/T332,Tornakápolna
M05/T333,Tornanádaska
M05/T334,Tornaszentandrás
M05/T335,Tornaszentjakab
M05/T337,Trizs
M05/T343,Varbóc
M05/T350,Viszló
M05/T353,Zádorfalva
M05/T357,Zubogy
M05/T001,Abaújalpár
M05/T002,Abaújkér
M05/T003,Abaújlak
M05/T004,Abaújszántó
M05/T005,Abaújszolnok
M05/T006,Abaújvár
M05/T012,Alsógagy
M05/T016,Alsóvadász
M05/T018,Arka
M05/T021,Aszaló
M05/T023,Baktakék
M05/T031,Beret
M05/T038,Boldogkõújfalu
M05/T039,Boldogkõváralja
M05/T057,Büttös
M05/T059,Csenyéte
M05/T065,Csobád
M05/T070,Detek
M05/T078,Encs
M05/T084,Fáj
M05/T082,Fancsal
M05/T086,Felsõdobsza
M05/T087,Felsõgagy
M05/T092,Felsõvadász
M05/T095,Fony
M05/T096,Forró
M05/T097,Fulókércs
M05/T102,Gadna
M05/T103,Gagyapáti
M05/T104,Gagybátor
M05/T105,Gagyvendégi
M05/T107,Garadna
M05/T358,Gibárt
M05/T113,Gönc
M05/T114,Göncruszka
M05/T116,Halmaj
M05/T122,Hejce
M05/T129,Hernádbûd
M05/T130,Hernádcéce
M05/T132,Hernádkércs
M05/T134,Hernádpetri
M05/T135,Hernádszentandrás
M05/T136,Hernádszurdok
M05/T137,Hernádvécse
M05/T139,Hidasnémeti
M05/T142,Homrogd
M05/T145,Ináncs
M05/T156,Kány
M05/T157,Kázsmárk
M05/T162,Kéked
M05/T160,Keresztéte
M05/T167,Kiskinizs
M05/T174,Korlát
M05/T177,Krasznokvajda
M05/T178,Kupa
M05/T184,Léh
M05/T186,Litka
M05/T200,Méra
M05/T203,Mogyoróska
M05/T204,Monaj
M05/T211,Nagykinizs
M05/T216,Novajidrány
M05/T218,Nyésta
M05/T222,Onga
M05/T227,Pamlény
M05/T231,Pányok
M05/T232,Pere
M05/T233,Perecse
M05/T237,Pusztaradvány
M05/T243,Rásonysápberencs
M05/T245,Regéc
M05/T277,Selyeb
M05/T284,Szalaszend
M05/T286,Szászfa
M05/T289,Szemere
M05/T293,Szentistvánbaksa
M05/T295,Szikszó
M05/T313,Telkibánya
M05/T336,Tornyosnémeti
M05/T347,Vilmány
M05/T351,Vizsoly
M05/T356,Zsujta
M05/T010,Alsóberecki
M05/T013,Alsóregmec
M05/T033,Bodroghalom
M05/T036,Bodrogolaszi
M05/T050,Bózsva
M05/T058,Cigánd
M05/T068,Dámóc
M05/T080,Erdõhorváti
M05/T085,Felsõberecki
M05/T090,Felsõregmec
M05/T094,Filkeháza
M05/T098,Füzér
M05/T099,Füzérkajata
M05/T100,Füzérkomlós
M05/T101,Füzérradvány
M05/T120,Háromhuta
M05/T128,Hercegkút
M05/T141,Hollóháza
M05/T151,Karcsa
M05/T152,Karos
M05/T166,Kishuta
M05/T168,Kisrozvágy
M05/T172,Komlóska
M05/T175,Kovácsvágás
M05/T181,Lácacséke
M05/T187,Makkoshotyka
M05/T201,Mikóháza
M05/T210,Nagyhuta
M05/T212,Nagyrozvágy
M05/T219,Nyíri
M05/T229,Pácin
M05/T230,Pálháza
M05/T236,Pusztafalu
M05/T247,Révleányvár
M05/T248,Ricse
M05/T273,Sárazsadány
M05/T274,Sárospatak
M05/T276,Sátoraljaújhely
M05/T278,Semjén
M05/T317,Tiszacsermely
M05/T329,Tolcsva
M05/T345,Vágáshuta
M05/T341,Vajdácska
M05/T348,Vilyvitány
M05/T354,Zemplénagárd
M05/T011,Alsódobsza
M05/T025,Baskó
M05/T029,Bekecs
M05/T034,Bodrogkeresztúr
M05/T035,Bodrogkisfalud
M05/T064,Csobaj
M05/T079,Erdõbénye
M05/T111,Golop
M05/T115,Györgytarló
M05/T159,Kenézlõ
M05/T183,Legyesbénye
M05/T189,Mád
M05/T192,Megyaszó
M05/T199,Mezõzombor
M05/T205,Monok
M05/T221,Olaszliszka
M05/T235,Prügy
M05/T244,Rátka
M05/T280,Sima
M05/T281,Sóstófalva
M05/T287,Szegi
M05/T288,Szegilong
M05/T294,Szerencs
M05/T305,Taktabáj
M05/T306,Taktaharkány
M05/T307,Taktakenéz
M05/T308,Taktaszada
M05/T312,Tállya
M05/T309,Tarcal
M05/T319,Tiszakarád
M05/T321,Tiszaladány
M05/T324,Tiszatardos
M05/T328,Tokaj
M05/T339,Újcsanálos
M05/T346,Vámosújfalu
M05/T349,Viss
M05/T352,Zalkod
M05/T022,Ároktõ
M05/T032,Berzék
M05/T051,Bõcs
M05/T108,Gelej
M05/T110,Girincs
M05/T123,Hejõbába
M05/T124,Hejõkeresztúr
M05/T125,Hejõkürt
M05/T126,Hejõpapi
M05/T127,Hejõszalonta
M05/T143,Igrici
M05/T161,Kesznyéten
M05/T164,Kiscsécs
M05/T176,Köröm
M05/T194,Mezõcsát
M05/T206,Muhi
M05/T209,Nagycsécs
M05/T214,Nemesbikk
M05/T225,Ónod
M05/T224,Oszlár
M05/T254,Sajóhídvég
M05/T259,Sajólád
M05/T263,Sajóörös
M05/T265,Sajópetri
M05/T269,Sajószöged
M05/T283,Szakáld
M05/T318,Tiszadorogma
M05/T320,Tiszakeszi
M05/T322,Tiszalúc
M05/T323,Tiszapalkonya
M05/T325,Tiszatarján
M05/T326,Tiszaújváros
M05/T037,Bogács
M05/T042,Borsodgeszt
M05/T043,Borsodivánka
M05/T053,Bükkábrány
M05/T052,Bükkaranyos
M05/T056,Bükkzsérc
M05/T060,Cserépfalu
M05/T061,Cserépváralja
M05/T063,Csincse
M05/T076,Egerlövõ
M05/T077,Emõd
M05/T119,Harsány
M05/T154,Kács
M05/T165,Kisgyõr
M05/T195,Mezõkeresztes
M05/T196,Mezõkövesd
M05/T197,Mezõnagymihály
M05/T198,Mezõnyárád
M05/T215,Négyes
M05/T272,Sály
M05/T292,Szentistván
M05/T299,Szomolya
M05/T310,Tard
M05/T315,Tibolddaróc
M05/T316,Tiszabábolna
M05/T327,Tiszavalk
M05/T344,Vatta
M06/T015,Deszk
M06/T030,Kübekháza
M06/T051,Szeged
M06/T055,Tiszasziget
M06/T057,Újszentiván
M06/T005,Ásotthalom
M06/T016,Domaszék
M06/T036,Mórahalom
M06/T043,Öttömös
M06/T045,Pusztamérges
M06/T047,Röszke
M06/T048,Ruzsa
M06/T059,Zákányszék
M06/T001,Algyõ
M06/T008,Bordány
M06/T058,Üllés
M06/T060,Zsombó
M06/T006,Baks
M06/T007,Balástya
M06/T011,Csanytelek
M06/T012,Csengele
M06/T013,Csongrád
M06/T017,Dóc
M06/T020,Felgyõ
M06/T022,Forráskút
M06/T026,Kistelek
M06/T042,Ópusztaszer
M06/T046,Pusztaszer
M06/T049,Sándorfalva
M06/T050,Szatymaz
M06/T056,Tömörkény
M06/T004,Árpádhalom
M06/T014,Derekegyház
M06/T018,Eperjes
M06/T019,Fábiánsebestyén
M06/T039,Nagymágocs
M06/T040,Nagytõke
M06/T052,Szegvár
M06/T053,Szentes
M06/T024,Hódmezõvásárhely
M06/T034,Mártély
M06/T035,Mindszent
M06/T054,Székkutas
M06/T002,Ambrózfalva
M06/T003,Apátfalva
M06/T009,Csanádalberti
M06/T010,Csanádpalota
M06/T021,Ferencszállás
M06/T023,Földeák
M06/T025,Királyhegyes
M06/T027,Kiszombor
M06/T028,Klárafalva
M06/T029,Kövegy
M06/T031,Magyarcsanád
M06/T032,Makó
M06/T033,Maroslele
M06/T037,Nagyér
M06/T038,Nagylak
M06/T041,Óföldeák
M06/T044,Pitvaros
M07/T094,Székesfehérvár
M07/T022,Csõsz
M07/T031,Füle
M07/T073,Polgárdi
M07/T086,Seregélyes
M07/T087,Soponya
M07/T096,Tác
M07/T024,Dunaújváros
M07/T002,Adony
M07/T009,Baracs
M07/T011,Beloiannisz
M07/T012,Besnyõ
M07/T108,Daruszentmiklós
M07/T025,Elõszállás
M07/T033,Gárdony
M07/T039,Iváncsa
M07/T043,Kápolnásnyék
M07/T045,Kisapostag
M07/T048,Kulcs
M07/T056,Mezõfalva
M07/T062,Nadap
M07/T063,Nagykarácsony
M07/T066,Nagyvenyim
M07/T069,Pákozd
M07/T072,Perkáta
M07/T074,Pusztaszabolcs
M07/T076,Rácalmás
M07/T089,Sukoró
M07/T091,Szabadegyháza
M07/T102,Velence
M07/T107,Zichyújfalu
M07/T006,Bakonycsernye
M07/T007,Bakonykúti
M07/T008,Balinka
M07/T014,Bodajk
M07/T015,Bodmér
M07/T018,Csákberény
M07/T019,Csákvár
M07/T020,Csókakõ
M07/T021,Csór
M07/T029,Fehérvárcsurgó
M07/T032,Gánt
M07/T037,Iszkaszentgyörgy
M07/T038,Isztimér
M07/T040,Jenõ
M07/T044,Kincsesbánya
M07/T047,Kõszárhegy
M07/T052,Magyaralmás
M07/T060,Moha
M07/T061,Mór
M07/T067,Nádasdladány
M07/T065,Nagyveleg
M07/T075,Pusztavám
M07/T080,Sárkeresztes
M07/T082,Sárkeszi
M07/T085,Sárszentmihály
M07/T088,Söréd
M07/T090,Szabadbattyán
M07/T099,Úrhida
M07/T105,Vértesboglár
M07/T106,Zámoly
M07/T001,Aba
M07/T003,Alap
M07/T005,Alsószentiván
M07/T016,Cece
M07/T023,Dég
M07/T026,Enying
M07/T035,Hantos
M07/T036,Igar
M07/T042,Káloz
M07/T046,Kisláng
M07/T049,Lajoskomárom
M07/T050,Lepsény
M07/T055,Mátyásdomb
M07/T057,Mezõkomárom
M07/T058,Mezõszentgyörgy
M07/T059,Mezõszilas
M07/T064,Nagylók
M07/T078,Sárbogárd
M07/T079,Sáregres
M07/T081,Sárkeresztúr
M07/T083,Sárosd
M07/T084,Sárszentágota
M07/T092,Szabadhídvég
M07/T100,Vajta
M07/T004,Alcsútdoboz
M07/T010,Baracska
M07/T013,Bicske
M07/T017,Csabdi
M07/T027,Ercsi
M07/T028,Etyek
M07/T030,Felcsút
M07/T034,Gyúró
M07/T041,Kajászó
M07/T051,Lovasberény
M07/T054,Mány
M07/T053,Martonvásár
M07/T068,Óbarok
M07/T070,Pátka
M07/T071,Pázmánd
M07/T077,Ráckeresztúr
M07/T093,Szár
M07/T095,Tabajd
M07/T097,Tordas
M07/T098,Újbarok
M07/T101,Vál
M07/T103,Vereb
M07/T104,Vértesacsa
M08/T001,Abda
M08/T008,Bakonygyirót
M08/T009,Bakonypéterd
M08/T010,Bakonyszentlászló
M08/T019,Bõny
M08/T018,Börcs
M08/T026,Csikvánd
M08/T033,Dunaszeg
M08/T034,Dunaszentpál
M08/T041,Écs
M08/T045,Felpéc
M08/T046,Fenyõfõ
M08/T054,Gönyû
M08/T056,Gyarmat
M08/T058,Gyömöre
M08/T060,Gyõrasszonyfa
M08/T061,Gyõrladamér
M08/T062,Gyõrság
M08/T064,Gyõrszemere
M08/T065,Gyõrújbarát
M08/T066,Gyõrújfalu
M08/T067,Gyõrzámoly
M08/T076,Ikrény
M08/T080,Kajárpéc
M08/T084,Kisbajcs
M08/T087,Koroncó
M08/T090,Kunsziget
M08/T091,Lázi
M08/T101,Mezõörs
M08/T108,Nagybajcs
M08/T111,Nagyszentjános
M08/T113,Nyalka
M08/T114,Nyúl
M08/T116,Öttevény
M08/T117,Pannonhalma
M08/T120,Pázmándfalu
M08/T123,Pér
M08/T129,Ravazd
M08/T143,Rétalap
M08/T144,Románd
M08/T147,Sikátor
M08/T149,Sokorópátka
M08/T157,Szerecseny
M08/T161,Táp
M08/T162,Tápszentmiklós
M08/T160,Tarjánpuszta
M08/T164,Tényõ
M08/T165,Tét
M08/T166,Töltéstava
M08/T172,Vámosszabadi
M08/T177,Vének
M08/T176,Veszprémvarsány
M08/T059,Gyõr
M08/T006,Ásványráró
M08/T014,Bezenye
M08/T028,Darnózseli
M08/T031,Dunakiliti
M08/T032,Dunaremete
M08/T035,Dunasziget
M08/T044,Feketeerdõ
M08/T068,Halászi
M08/T072,Hédervár
M08/T070,Hegyeshalom
M08/T182,Károlyháza
M08/T082,Kimle
M08/T085,Kisbodak
M08/T092,Levél
M08/T094,Lipót
M08/T099,Máriakálnok
M08/T104,Mosonmagyaróvár
M08/T106,Mosonszolnok
M08/T127,Püski
M08/T128,Rajka
M08/T169,Újrónafõ
M08/T002,Acsalag
M08/T005,Árpás
M08/T012,Bágyogszovát
M08/T011,Barbacs
M08/T015,Bezi
M08/T016,Bodonhely
M08/T017,Bogyoszló
M08/T020,Bõsárkány
M08/T021,Cakóháza
M08/T027,Csorna
M08/T030,Dör
M08/T038,Egyed
M08/T040,Enese
M08/T042,Farád
M08/T043,Fehértó
M08/T063,Gyõrsövényház
M08/T078,Jánossomorja
M08/T079,Jobaháza
M08/T083,Kisbabot
M08/T088,Kóny
M08/T093,Lébény
M08/T096,Maglóca
M08/T097,Magyarkeresztúr
M08/T098,Markotabödöge
M08/T100,Mecsér
M08/T102,Mérges
M08/T107,Mórichida
M08/T105,Mosonszentmiklós
M08/T118,Páli
M08/T119,Pásztori
M08/T125,Potyond
M08/T130,Rábacsanak
M08/T131,Rábacsécsény
M08/T133,Rábapatona
M08/T134,Rábapordány
M08/T135,Rábasebes
M08/T136,Rábaszentandrás
M08/T137,Rábaszentmihály
M08/T138,Rábaszentmiklós
M08/T139,Rábatamási
M08/T140,Rábcakapi
M08/T148,Sobor
M08/T153,Sopronnémeti
M08/T155,Szany
M08/T158,Szil
M08/T159,Szilsárkány
M08/T163,Tárnokréti
M08/T171,Vág
M08/T173,Várbalog
M08/T180,Zsebeháza
M08/T003,Agyagosszergény
M08/T007,Babót
M08/T013,Beled
M08/T022,Cirák
M08/T024,Csáfordjánosfa
M08/T023,Csapod
M08/T025,Csér
M08/T029,Dénesfa
M08/T036,Ebergõc
M08/T037,Edve
M08/T039,Egyházasfalu
M08/T047,Fertõboz
M08/T048,Fertõd
M08/T049,Fertõendréd
M08/T050,Fertõhomok
M08/T052,Fertõszentmiklós
M08/T053,Fertõszéplak
M08/T055,Gyalóka
M08/T057,Gyóró
M08/T071,Hegykõ
M08/T073,Hidegség
M08/T074,Himod
M08/T075,Hövej
M08/T077,Iván
M08/T081,Kapuvár
M08/T086,Kisfalud
M08/T095,Lövõ
M08/T103,Mihályi
M08/T109,Nagycenk
M08/T110,Nagylózs
M08/T112,Nemeskér
M08/T115,Osli
M08/T121,Pereszteg
M08/T122,Petõháza
M08/T124,Pinnye
M08/T126,Pusztacsalád
M08/T132,Rábakecöl
M08/T141,Répceszemere
M08/T142,Répcevis
M08/T145,Röjtökmuzsaj
M08/T146,Sarród
M08/T151,Sopronhorpács
M08/T152,Sopronkövesd
M08/T154,Szakony
M08/T156,Szárföld
M08/T168,Újkér
M08/T167,Und
M08/T170,Vadosfa
M08/T174,Vásárosfalu
M08/T175,Veszkény
M08/T178,Vitnyéd
M08/T179,Völcsej
M08/T181,Zsira
M08/T004,Ágfalva
M08/T051,Fertõrákos
M08/T069,Harka
M08/T089,Kópháza
M08/T150,Sopron
M09/T018,Debrecen
M09/T001,Álmosd
M09/T003,Bagamér
M09/T014,Bocskaikert
M09/T026,Fülöp
M09/T032,Hajdúhadház
M09/T034,Hajdúsámson
M09/T059,Nyírábrány
M09/T057,Nyíracsád
M09/T058,Nyíradony
M09/T060,Nyírmártonfalva
M09/T070,Téglás
M09/T076,Újléta
M09/T079,Vámospércs
M09/T002,Ártánd
M09/T004,Bakonszeg
M09/T007,Bedõ
M09/T008,Berekböszörmény
M09/T009,Berettyóújfalu
M09/T011,Biharkeresztes
M09/T015,Bojt
M09/T016,Csökmõ
M09/T017,Darvas
M09/T022,Esztár
M09/T025,Furta
M09/T027,Gáborján
M09/T037,Hencida
M09/T041,Kismarja
M09/T043,Komádi
M09/T044,Konyár
M09/T045,Körösszakál
M09/T046,Körösszegapáti
M09/T048,Magyarhomorog
M09/T049,Mezõpeterd
M09/T050,Mezõsas
M09/T054,Nagykereki
M09/T061,Pocsaj
M09/T067,Szentpéterszeg
M09/T074,Told
M09/T075,Újiráz
M09/T080,Váncsod
M09/T081,Vekerd
M09/T082,Zsáka
M09/T006,Báránd
M09/T010,Bihardancsháza
M09/T012,Biharnagybajom
M09/T013,Bihartorda
M09/T024,Földes
M09/T040,Kaba
M09/T056,Nádudvar
M09/T055,Nagyrábé
M09/T063,Püspökladány
M09/T064,Sáp
M09/T066,Sárrétudvari
M09/T068,Szerep
M09/T069,Tetétlen
M09/T019,Derecske
M09/T020,Ebes
M09/T029,Hajdúbagos
M09/T035,Hajdúszoboszló
M09/T036,Hajdúszovát
M09/T039,Hosszúpályi
M09/T042,Kokad
M09/T047,Létavértes
M09/T051,Mikepércs
M09/T052,Monostorpályi
M09/T065,Sáránd
M09/T071,Tépe
M09/T005,Balmazújváros
M09/T021,Egyek
M09/T023,Folyás
M09/T028,Görbeháza
M09/T038,Hortobágy
M09/T053,Nagyhegyes
M09/T062,Polgár
M09/T072,Tiszacsege
M09/T073,Tiszagyulaháza
M09/T077,Újszentmargita
M09/T078,Újtikos
M09/T030,Hajdúböszörmény
M09/T031,Hajdúdorog
M09/T033,Hajdúnánás
M10/T025,Eger
M10/T037,Felsõtárkány
M10/T080,Noszvaj
M10/T119,Szarvaskõ
M10/T008,Balaton
M10/T009,Bátor
M10/T010,Bekölce
M10/T012,Bélapátfalva
M10/T014,Bodony
M10/T018,Bükkszék
M10/T016,Bükkszenterzsébet
M10/T017,Bükkszentmárton
M10/T026,Egerbakta
M10/T027,Egerbocs
M10/T028,Egercsehi
M10/T030,Egerszalók
M10/T031,Egerszólát
M10/T032,Erdõkövesd
M10/T035,Fedémes
M10/T049,Hevesaranyos
M10/T052,Istenmezeje
M10/T053,Ivád
M10/T058,Kisfüzes
M10/T067,Mátraballa
M10/T068,Mátraderecske
M10/T072,Mikófalva
M10/T073,Mónosbél
M10/T079,Nagyvisnyó
M10/T083,Parád
M10/T084,Parádsasvár
M10/T087,Pétervására
M10/T089,Recsk
M10/T092,Sirok
M10/T093,Szajla
M10/T094,Szentdomonkos
M10/T096,Szilvásvárad
M10/T097,Szúcs
M10/T100,Tarnalelesz
M10/T103,Tarnaszentmária
M10/T107,Terpes
M10/T112,Váraszó
M10/T113,Verpelét
M10/T001,Abasár
M10/T006,Atkár
M10/T022,Domoszló
M10/T039,Gyöngyös
M10/T040,Gyöngyöshalász
M10/T041,Gyöngyösoroszi
M10/T042,Gyöngyöspata
M10/T043,Gyöngyössolymos
M10/T044,Gyöngyöstarján
M10/T060,Kisnána
M10/T066,Markaz
M10/T069,Mátraszentimre
M10/T076,Nagyréde
M10/T120,Pálosvörösmart
M10/T114,Vécs
M10/T115,Visonta
M10/T005,Apc
M10/T015,Boldog
M10/T019,Csány
M10/T024,Ecséd
M10/T046,Hatvan
M10/T047,Heréd
M10/T051,Hort
M10/T121,Kerekharaszt
M10/T063,Lõrinci
M10/T075,Nagykökényes
M10/T085,Petõfibánya
M10/T090,Rózsaszentmárton
M10/T098,Szûcsi
M10/T117,Zagyvaszántó
M10/T002,Adács
M10/T007,Átány
M10/T013,Boconád
M10/T021,Detk
M10/T033,Erdõtelek
M10/T034,Erk
M10/T045,Halmajugra
M10/T048,Heves
M10/T050,Hevesvezekény
M10/T054,Karácsond
M10/T059,Kisköre
M10/T062,Kömlõ
M10/T064,Ludas
M10/T074,Nagyfüged
M10/T086,Pély
M10/T099,Tarnabod
M10/T101,Tarnaméra
M10/T102,Tarnaörs
M10/T104,Tarnaszentmiklós
M10/T105,Tarnazsadány
M10/T106,Tenk
M10/T108,Tiszanána
M10/T111,Vámosgyörk
M10/T116,Visznek
M10/T118,Zaránk
M10/T003,Aldebrõ
M10/T004,Andornaktálya
M10/T011,Besenyõtelek
M10/T020,Demjén
M10/T023,Dormánd
M10/T029,Egerfarmos
M10/T036,Feldebrõ
M10/T038,Füzesabony
M10/T055,Kál
M10/T056,Kápolna
M10/T057,Kerecsend
M10/T061,Kompolt
M10/T065,Maklár
M10/T070,Mezõszemere
M10/T071,Mezõtárkány
M10/T077,Nagytálya
M10/T078,Nagyút
M10/T081,Novaj
M10/T082,Ostoros
M10/T088,Poroszló
M10/T091,Sarud
M10/T095,Szihalom
M10/T109,Tófalu
M10/T110,Újlõrincfalva
M11/T014,Jászágó
M11/T015,Jászárokszállás
M11/T016,Jászberény
M11/T019,Jászfelsõszentgyörgy
M11/T020,Jászfényszaru
M11/T046,Pusztamonostor
M11/T002,Alattyán
M11/T011,Jánoshida
M11/T012,Jászalsószentgyörgy
M11/T013,Jászapáti
M11/T017,Jászboldogháza
M11/T018,Jászdózsa
M11/T021,Jászivány
M11/T022,Jászjákóhalma
M11/T023,Jászkisér
M11/T024,Jászladány
M11/T025,Jászszentandrás
M11/T026,Jásztelek
M11/T004,Besenyszög
M11/T006,Csataszög
M11/T010,Hunyadfalva
M11/T032,Kõtelek
M11/T042,Nagykörû
M11/T050,Szászberek
M11/T052,Szolnok
M11/T067,Tiszasüly
M11/T075,Újszász
M11/T077,Zagyvarékas
M11/T047,Rákóczifalva
M11/T048,Rákócziújfalu
M11/T049,Szajol
M11/T061,Tiszajenõ
M11/T070,Tiszavárkony
M11/T072,Tószeg
M11/T076,Vezseny
M11/T005,Cibakháza
M11/T008,Csépa
M11/T007,Cserkeszõlõ
M11/T036,Kunszentmárton
M11/T037,Martfû
M11/T043,Nagyrév
M11/T044,Öcsöd
M11/T051,Szelevény
M11/T056,Tiszaföldvár
M11/T060,Tiszainoka
M11/T062,Tiszakürt
M11/T066,Tiszasas
M11/T030,Kétpó
M11/T031,Kisújszállás
M11/T038,Mesterszállás
M11/T039,Mezõhék
M11/T040,Mezõtúr
M11/T074,Túrkeve
M11/T009,Fegyvernek
M11/T028,Kenderes
M11/T029,Kengyel
M11/T033,Kuncsorba
M11/T034,Kunhegyes
M11/T045,Örményes
M11/T053,Tiszabõ
M11/T058,Tiszagyenda
M11/T064,Tiszapüspöki
M11/T065,Tiszaroff
M11/T069,Tiszatenyõ
M11/T073,Törökszentmiklós
M11/T001,Abádszalók
M11/T003,Berekfürdõ
M11/T027,Karcag
M11/T035,Kunmadaras
M11/T041,Nagyiván
M11/T054,Tiszabura
M11/T055,Tiszaderzs
M11/T057,Tiszafüred
M11/T059,Tiszaigar
M11/T063,Tiszaörs
M11/T068,Tiszaszentimre
M11/T078,Tiszaszõlõs
M11/T071,Tomajmonostora
M12/T065,Tatabánya
M12/T006,Baj
M12/T007,Bajna
M12/T026,Dunaszentmiklós
M12/T027,Epöl
M12/T030,Gyermely
M12/T031,Héreg
M12/T037,Kocs
M12/T040,Környe
M12/T044,Mocsa
M12/T047,Nagysáp
M12/T048,Naszály
M12/T059,Szárliget
M12/T061,Szomód
M12/T060,Szomor
M12/T062,Tardos
M12/T063,Tarján
M12/T064,Tata
M12/T071,Várgesztes
M12/T073,Vértessomló
M12/T074,Vértesszõlõs
M12/T075,Vértestolna
M12/T005,Ácsteszér
M12/T001,Aka
M12/T076,Ászár
M12/T013,Bábolna
M12/T009,Bakonybánk
M12/T010,Bakonysárkány
M12/T011,Bakonyszombathely
M12/T012,Bana
M12/T014,Bársonyos
M12/T015,Bokod
M12/T017,Császár
M12/T016,Csatka
M12/T018,Csém
M12/T019,Csép
M12/T021,Dad
M12/T029,Ete
M12/T032,Kecskéd
M12/T033,Kerékteleki
M12/T035,Kisbér
M12/T036,Kisigmánd
M12/T039,Kömlõd
M12/T046,Nagyigmánd
M12/T051,Oroszlány
M12/T054,Réde
M12/T056,Súr
M12/T058,Szákszend
M12/T066,Tárkány
M12/T072,Vérteskethely
M12/T004,Ács
M12/T002,Almásfüzitõ
M12/T008,Bajót
M12/T025,Dunaalmás
M12/T038,Komárom
M12/T041,Lábatlan
M12/T045,Mogyorósbánya
M12/T049,Neszmély
M12/T050,Nyergesújfalu
M12/T057,Süttõ
M12/T067,Tát
M12/T068,Tokod
M12/T069,Tokodaltáró
M12/T003,Annavölgy
M12/T020,Csolnok
M12/T022,Dág
M12/T023,Dorog
M12/T024,Dömös
M12/T028,Esztergom
M12/T034,Kesztölc
M12/T042,Leányvár
M12/T043,Máriahalom
M12/T052,Piliscsév
M12/T053,Pilismarót
M12/T055,Sárisáp
M12/T070,Úny
M13/T005,Bárna
M13/T014,Cered
M13/T053,Kazár
M13/T058,Kisbárkány
M13/T065,Lucfalva
M13/T069,Márkháza
M13/T072,Mátraszele
M13/T078,Nagybárkány
M13/T079,Nagykeresztúr
M13/T103,Salgótarján
M13/T105,Sámsonháza
M13/T131,Somoskõújfalu
M13/T116,Szilaspogony
M13/T127,Vizslás
M13/T128,Zabar
M13/T006,Bátonyterenye
M13/T010,Bér
M13/T013,Buják
M13/T019,Csécse
M13/T024,Dorogháza
M13/T026,Ecseg
M13/T027,Egyházasdengeleg
M13/T030,Erdõkürt
M13/T031,Erdõtarcsa
M13/T039,Héhalom
M13/T047,Jobbágyi
M13/T054,Kálló
M13/T057,Kisbágyon
M13/T061,Kozárd
M13/T070,Mátramindszent
M13/T071,Mátranovák
M13/T073,Mátraszõlõs
M13/T074,Mátraterenye
M13/T075,Mátraverebély
M13/T082,Nemti
M13/T094,Palotás
M13/T097,Pásztó
M13/T129,Rákóczibánya
M13/T109,Szarvasgede
M13/T117,Szirák
M13/T118,Szuha
M13/T119,Szurdokpüspöki
M13/T121,Tar
M13/T125,Vanyarc
M13/T002,Alsótold
M13/T007,Becske
M13/T008,Bercel
M13/T011,Bokor
M13/T015,Cserháthaláp
M13/T016,Cserhátsurány
M13/T017,Cserhátszentiván
M13/T020,Csitár
M13/T021,Debercsény
M13/T028,Egyházasgerge
M13/T029,Endrefalva
M13/T032,Etes
M13/T035,Felsõtold
M13/T036,Galgaguta
M13/T037,Garáb
M13/T038,Herencsény
M13/T040,Hollókõ
M13/T043,Hugyag
M13/T044,Iliny
M13/T045,Ipolytarnóc
M13/T048,Karancsalja
M13/T049,Karancsberény
M13/T050,Karancskeszi
M13/T051,Karancslapujtõ
M13/T052,Karancsság
M13/T060,Kishartyán
M13/T062,Kutasó
M13/T064,Litke
M13/T066,Ludányhalászi
M13/T067,Magyargéc
M13/T068,Magyarnándor
M13/T076,Mihálygerge
M13/T080,Nagylóc
M13/T085,Nógrádkövesd
M13/T087,Nógrádmegyer
M13/T089,Nógrádsipek
M13/T090,Nógrádszakál
M13/T092,Õrhalom
M13/T098,Piliny
M13/T101,Rimóc
M13/T104,Ságújfalu
M13/T106,Sóshartyán
M13/T107,Szalmatercs
M13/T108,Szanda
M13/T113,Szécsénke
M13/T114,Szécsény
M13/T115,Szécsényfelfalu
M13/T123,Terény
M13/T126,Varsány
M13/T001,Alsópetény
M13/T003,Balassagyarmat
M13/T004,Bánk
M13/T009,Berkenye
M13/T012,Borsosberény
M13/T018,Csesztve
M13/T022,Dejtár
M13/T023,Diósjenõ
M13/T025,Drégelypalánk
M13/T033,Érsekvadkert
M13/T034,Felsõpetény
M13/T041,Hont
M13/T042,Horpács
M13/T130,Ipolyszög
M13/T046,Ipolyvece
M13/T055,Keszeg
M13/T056,Kétbodony
M13/T059,Kisecset
M13/T063,Legénd
M13/T077,Mohora
M13/T081,Nagyoroszi
M13/T083,Nézsa
M13/T084,Nógrád
M13/T086,Nógrádmarcal
M13/T088,Nógrádsáp
M13/T091,Nõtincs
M13/T093,Õsagárd
M13/T095,Patak
M13/T096,Patvarc
M13/T099,Pusztaberki
M13/T100,Rétság
M13/T102,Romhány
M13/T110,Szátok
M13/T111,Szendehely
M13/T112,Szente
M13/T120,Szügy
M13/T122,Tereske
M13/T124,Tolmács
M14/T002,Acsa
M14/T009,Bernecebaráti
M14/T185,Csörög
M14/T024,Csõvár
M14/T037,Erdõkertes
M14/T042,Galgagyörk
M14/T056,Ipolydamásd
M14/T057,Ipolytölgyes
M14/T063,Kemence
M14/T066,Kismaros
M14/T067,Kisnémedi
M14/T071,Kosd
M14/T073,Kóspallag
M14/T076,Letkés
M14/T081,Márianosztra
M14/T086,Nagybörzsöny
M14/T090,Nagymaros
M14/T099,Penc
M14/T101,Perõcsény
M14/T117,Püspökhatvan
M14/T118,Püspökszilágy
M14/T120,Rád
M14/T136,Szob
M14/T137,Szokolya
M14/T138,Szõd
M14/T153,Tésa
M14/T170,Vácduka
M14/T172,Váchartyán
M14/T176,Vámosmikola
M14/T178,Veresegyház
M14/T179,Verõce
M14/T182,Zebegény
M14/T046,Göd
M14/T139,Szõdliget
M14/T169,Vác
M14/T022,Csomád
M14/T034,Dunakeszi
M14/T041,Fót
M14/T084,Mogyoród
M14/T096,Õrbottyán
M14/T124,Szada
M14/T174,Vácrátót
M14/T023,Csömör
M14/T047,Gödöllõ
M14/T058,Isaszeg
M14/T064,Kerepes
M14/T069,Kistarcsa
M14/T091,Nagytarcsa
M14/T102,Pécel
M14/T006,Aszód
M14/T008,Bag
M14/T027,Dány
M14/T030,Domony
M14/T043,Galgahévíz
M14/T044,Galgamácsa
M14/T053,Hévízgyörk
M14/T054,Iklad
M14/T061,Kartal
M14/T072,Kóka
M14/T160,Tura
M14/T171,Vácegres
M14/T173,Váckisújfalu
M14/T175,Vácszentlászló
M14/T167,Valkó
M14/T180,Verseg
M14/T184,Zsámbok
M14/T010,Bénye
M14/T039,Farmos
M14/T045,Gomba
M14/T062,Káva
M14/T082,Mende
M14/T087,Nagykáta
M14/T097,Pánd
M14/T123,Sülysáp
M14/T127,Szentlõrinckáta
M14/T128,Szentmártonkáta
M14/T144,Tápióbicske
M14/T145,Tápiógyörgye
M14/T146,Tápióság
M14/T147,Tápiószecsõ
M14/T148,Tápiószele
M14/T149,Tápiószentmárton
M14/T155,Tóalmás
M14/T164,Úri
M14/T036,Ecser
M14/T049,Gyömrõ
M14/T078,Maglód
M14/T085,Monor
M14/T187,Monorierdõ
M14/T103,Péteri
M14/T165,Üllõ
M14/T177,Vecsés
M14/T029,Diósd
M14/T038,Érd
M14/T125,Százhalombatta
M14/T011,Biatorbágy
M14/T015,Budaörs
M14/T051,Herceghalom
M14/T116,Pusztazámor
M14/T122,Sóskút
M14/T151,Tárnok
M14/T156,Tök
M14/T158,Törökbálint
M14/T183,Zsámbék
M14/T012,Budajenõ
M14/T014,Budakeszi
M14/T088,Nagykovácsi
M14/T098,Páty
M14/T100,Perbál
M14/T105,Pilisborosjenõ
M14/T106,Piliscsaba
M14/T107,Pilisjászfalu
M14/T108,Pilisszántó
M14/T109,Pilisszentiván
M14/T112,Pilisvörösvár
M14/T186,Remeteszõlõs
M14/T121,Solymár
M14/T152,Telki
M14/T154,Tinnye
M14/T166,Üröm
M14/T013,Budakalász
M14/T021,Csobánka
M14/T032,Dunabogdány
M14/T068,Kisoroszi
M14/T075,Leányfalu
M14/T110,Pilisszentkereszt
M14/T111,Pilisszentlászló
M14/T114,Pócsmegyer
M14/T113,Pomáz
M14/T126,Szentendre
M14/T132,Szigetmonostor
M14/T140,Tahitótfalu
M14/T181,Visegrád
M14/T033,Dunaharaszti
M14/T050,Halásztelek
M14/T131,Szigethalom
M14/T134,Szigetszentmiklós
M14/T141,Taksony
M14/T157,Tököl
M14/T004,Alsónémedi
M14/T005,Apaj
M14/T007,Áporka
M14/T016,Bugyi
M14/T028,Délegyháza
M14/T031,Dömsöd
M14/T035,Dunavarsány
M14/T040,Felsõpakony
M14/T048,Gyál
M14/T065,Kiskunlacháza
M14/T077,Lórév
M14/T079,Majosháza
M14/T080,Makád
M14/T119,Ráckeve
M14/T129,Szigetbecse
M14/T130,Szigetcsép
M14/T133,Szigetszentmárton
M14/T135,Szigetújfalu
M14/T020,Csévharaszt
M14/T025,Dabas
M14/T052,Hernád
M14/T055,Inárcs
M14/T060,Kakucs
M14/T092,Nyáregyháza
M14/T094,Ócsa
M14/T095,Örkény
M14/T104,Pilis
M14/T115,Pusztavacs
M14/T143,Táborfalva
M14/T142,Tatárszentgyörgy
M14/T161,Újhartyán
M14/T162,Újlengyel
M14/T168,Vasad
M14/T003,Albertirsa
M14/T017,Cegléd
M14/T018,Ceglédbercel
M14/T019,Csemõ
M14/T026,Dánszentmiklós
M14/T083,Mikebuda
M14/T150,Tápiószõlõs
M14/T163,Újszilvás
M14/T001,Abony
M14/T059,Jászkarajenõ
M14/T070,Kocsér
M14/T074,Kõröstetétlen
M14/T089,Nagykõrös
M14/T093,Nyársapát
M14/T159,Törtel
M15/T091,Kaposvár
M15/T001,Alsóbogát
M15/T024,Bárdudvarnok
M15/T021,Baté
M15/T029,Bodrog
M15/T034,Bõszénfa
M15/T036,Büssü
M15/T038,Cserénfa
M15/T040,Csoma
M15/T041,Csombárd
M15/T042,Csököly
M15/T049,Ecseny
M15/T050,Edde
M15/T051,Felsõmocsolád
M15/T053,Fonó
M15/T059,Gálosfa
M15/T060,Gige
M15/T061,Gölle
M15/T065,Hajmás
M15/T068,Hedrehely
M15/T069,Hencse
M15/T071,Hetes
M15/T081,Juta
M15/T082,Kadarkút
M15/T084,Kaposfõ
M15/T085,Kaposgyarmat
M15/T086,Kaposhomok
M15/T087,Kaposkeresztúr
M15/T088,Kaposmérõ
M15/T089,Kaposszerdahely
M15/T090,Kaposújlak
M15/T100,Kercseliget
M15/T103,Kisasszond
M15/T107,Kisgyalán
M15/T108,Kiskorpád
M15/T111,Kõkút
M15/T122,Magyaregres
M15/T124,Mernye
M15/T126,Mezõcsokonya
M15/T127,Mike
M15/T129,Mosdós
M15/T133,Nagyberki
M15/T143,Orci
M15/T145,Osztopán
M15/T151,Patca
M15/T156,Polány
M15/T165,Rinyakovácsi
M15/T170,Sántos
M15/T174,Simonfa
M15/T178,Somodor
M15/T181,Somogyaszaló
M15/T188,Somogygeszti
M15/T189,Somogyjád
M15/T192,Somogysárd
M15/T202,Szabadi
M15/T206,Szenna
M15/T208,Szentbalázs
M15/T210,Szentgáloskér
M15/T212,Szilvásszentmárton
M15/T221,Taszár
M15/T229,Újvárfalva
M15/T231,Várda
M15/T233,Visnye
M15/T241,Zimány
M15/T242,Zselickisfalud
M15/T243,Zselickislak
M15/T244,Zselicszentpál
M15/T003,Ádánd
M15/T002,Andocs
M15/T022,Bábonymegyer
M15/T008,Balatonendréd
M15/T015,Balatonszabadi
M15/T025,Bedegkér
M15/T032,Bonnya
M15/T052,Fiad
M15/T056,Gadács
M15/T075,Igal
M15/T097,Kánya
M15/T083,Kapoly
M15/T098,Kára
M15/T092,Karád
M15/T095,Kazsok
M15/T105,Kisbárapáti
M15/T120,Lulla
M15/T121,Magyaratád
M15/T128,Miklósi
M15/T137,Nágocs
M15/T132,Nagyberény
M15/T142,Nyim
M15/T150,Patalom
M15/T163,Ráksi
M15/T169,Ságvár
M15/T173,Sérsekszõlõs
M15/T175,Siófok
M15/T176,Siójut
M15/T177,Som
M15/T179,Somogyacsa
M15/T185,Somogydöröcske
M15/T186,Somogyegres
M15/T190,Somogymeggyes
M15/T195,Somogyszil
M15/T204,Szántód
M15/T213,Szorosad
M15/T218,Tab
M15/T224,Tengõd
M15/T226,Torvaj
M15/T228,Törökkoppány
M15/T237,Zala
M15/T238,Zamárdi
M15/T240,Zics
M15/T006,Balatonberény
M15/T007,Balatonboglár
M15/T009,Balatonfenyves
M15/T010,Balatonföldvár
M15/T011,Balatonkeresztúr
M15/T012,Balatonlelle
M15/T013,Balatonmáriafürdõ
M15/T014,Balatonõszöd
M15/T016,Balatonszárszó
M15/T017,Balatonszemes
M15/T018,Balatonszentgyörgy
M15/T019,Balatonújlak
M15/T023,Bálványos
M15/T035,Buzsák
M15/T054,Fonyód
M15/T058,Gamás
M15/T064,Gyugy
M15/T066,Hács
M15/T072,Hollád
M15/T101,Kereki
M15/T106,Kisberény
M15/T112,Kõröshegy
M15/T110,Kötcse
M15/T117,Látrány
M15/T118,Lengyeltóti
M15/T134,Nagycsepely
M15/T144,Ordacsehi
M15/T146,Öreglak
M15/T149,Pamuk
M15/T162,Pusztaszemes
M15/T182,Somogybabod
M15/T197,Somogytúr
M15/T199,Somogyvámos
M15/T200,Somogyvár
M15/T214,Szólád
M15/T216,Szõlõsgyörök
M15/T223,Teleki
M15/T225,Tikos
M15/T234,Visz
M15/T236,Vörs
M15/T027,Berzence
M15/T033,Böhönye
M15/T037,Csákány
M15/T043,Csömend
M15/T044,Csurgó
M15/T045,Csurgónagymarton
M15/T055,Fõnyed
M15/T057,Gadány
M15/T063,Gyékényes
M15/T074,Hosszúvíz
M15/T076,Iharos
M15/T077,Iharosberény
M15/T078,Inke
M15/T080,Jákó
M15/T099,Kelevíz
M15/T102,Kéthely
M15/T119,Libickozma
M15/T123,Marcali
M15/T125,Mesztegnyõ
M15/T131,Nagybajom
M15/T136,Nagyszakácsi
M15/T138,Nemesdéd
M15/T139,Nemeskisfalud
M15/T140,Nemesvid
M15/T141,Nikla
M15/T148,Õrtilos
M15/T153,Pálmajor
M15/T155,Pogányszentpéter
M15/T157,Porrog
M15/T158,Porrogszentkirály
M15/T159,Porrogszentpál
M15/T161,Pusztakovácsi
M15/T171,Sávoly
M15/T183,Somogybükkösd
M15/T184,Somogycsicsó
M15/T187,Somogyfajsz
M15/T191,Somogysámson
M15/T193,Somogysimonyi
M15/T194,Somogyszentpál
M15/T198,Somogyudvarhely
M15/T201,Somogyzsitfa
M15/T205,Szegerdõ
M15/T207,Szenta
M15/T211,Szenyér
M15/T215,Szõkedencs
M15/T219,Tapsony
M15/T222,Táska
M15/T230,Varászló
M15/T232,Vése
M15/T239,Zákány
M15/T245,Zákányfalu
M15/T004,Babócsa
M15/T005,Bakháza
M15/T020,Barcs
M15/T028,Bélavár
M15/T026,Beleg
M15/T030,Bolhás
M15/T031,Bolhó
M15/T039,Csokonyavisonta
M15/T046,Darány
M15/T047,Drávagárdony
M15/T048,Drávatamási
M15/T062,Görgeteg
M15/T067,Háromfa
M15/T070,Heresznye
M15/T073,Homokszentgyörgy
M15/T079,Istvándi
M15/T096,Kálmáncsa
M15/T093,Kastélyosdombó
M15/T094,Kaszó
M15/T104,Kisbajom
M15/T109,Komlósd
M15/T113,Kutas
M15/T116,Lábod
M15/T114,Lad
M15/T115,Lakócsa
M15/T130,Nagyatád
M15/T135,Nagykorpád
M15/T147,Ötvöskónyi
M15/T152,Patosfa
M15/T154,Péterhida
M15/T160,Potony
M15/T164,Rinyabesenyõ
M15/T166,Rinyaszentkirály
M15/T167,Rinyaújlak
M15/T168,Rinyaújnép
M15/T172,Segesd
M15/T180,Somogyaracs
M15/T196,Somogyszob
M15/T203,Szabás
M15/T209,Szentborbás
M15/T217,Szulok
M15/T220,Tarany
M15/T227,Tótújfalu
M15/T235,Vízvár
M16/T119,Nyíregyháza
M16/T133,Nyírpazony
M16/T136,Nyírtelek
M16/T064,Kálmánháza
M16/T007,Balsa
M16/T019,Buj
M16/T042,Gávavencsellõ
M16/T057,Ibrány
M16/T101,Nagycserkesz
M16/T150,Paszab
M16/T160,Rakamaz
M16/T168,Szabolcs
M16/T229,Szorgalmatos
M16/T185,Timár
M16/T188,Tiszabercel
M16/T191,Tiszadada
M16/T192,Tiszadob
M16/T193,Tiszaeszlár
M16/T197,Tiszalök
M16/T199,Tiszanagyfalu
M16/T204,Tiszavasvári
M16/T003,Apagy
M16/T006,Balkány
M16/T014,Besenyõd
M16/T016,Biri
M16/T018,Bököny
M16/T034,Érpatak
M16/T045,Geszteréd
M16/T063,Kállósemjén
M16/T085,Levelek
M16/T089,Magy
M16/T106,Nagykálló
M16/T109,Napkor
M16/T137,Nyírtét
M16/T138,Nyírtura
M16/T166,Sényõ
M16/T171,Szakoly
M16/T217,Újfehértó
M16/T005,Baktalórántháza
M16/T013,Berkesz
M16/T015,Beszterec
M16/T029,Demecser
M16/T051,Gyulaháza
M16/T067,Kék
M16/T066,Kemecse
M16/T081,Kótaj
M16/T084,Laskod
M16/T104,Nagyhalász
M16/T115,Nyírbogdány
M16/T122,Nyíribrony
M16/T123,Nyírjákó
M16/T124,Nyírkarász
M16/T126,Nyírkércs
M16/T132,Nyírparasznya
M16/T135,Nyírtass
M16/T142,Ófehértó
M16/T146,Õr
M16/T155,Petneháza
M16/T161,Ramocsaháza
M16/T164,Rohod
M16/T180,Székely
M16/T200,Tiszarád
M16/T203,Tiszatelek
M16/T219,Vaja
M16/T220,Vasmegyer
M16/T009,Bátorliget
M16/T032,Encsencs
M16/T056,Hodász
M16/T065,Kántorjánosi
M16/T072,Kisléta
M16/T092,Máriapócs
M16/T098,Mérk
M16/T112,Nyírbátor
M16/T113,Nyírbéltek
M16/T114,Nyírbogát
M16/T117,Nyírcsászári
M16/T118,Nyírderzs
M16/T120,Nyírgelse
M16/T121,Nyírgyulaj
M16/T125,Nyírkáta
M16/T128,Nyírlugos
M16/T131,Nyírmihálydi
M16/T134,Nyírpilis
M16/T139,Nyírvasvári
M16/T145,Ömböly
M16/T153,Penészlek
M16/T156,Piricse
M16/T158,Pócspetri
M16/T183,Terem
M16/T184,Tiborszállás
M16/T221,Vállaj
M16/T001,Ajak
M16/T002,Anarcs
M16/T030,Dombrád
M16/T031,Döge
M16/T037,Fényeslitke
M16/T047,Gégény
M16/T049,Gyõröcske
M16/T068,Kékcse
M16/T077,Kisvárda
M16/T080,Komoró
M16/T151,Pátroha
M16/T163,Rétközberencs
M16/T169,Szabolcsbáka
M16/T170,Szabolcsveresmart
M16/T189,Tiszabezdéd
M16/T194,Tiszakanyár
M16/T202,Tiszaszentmárton
M16/T210,Tuzsér
M16/T216,Újdombrád
M16/T226,Záhony
M16/T228,Zsurk
M16/T004,Aranyosapáti
M16/T008,Barabás
M16/T010,Benk
M16/T011,Beregdaróc
M16/T012,Beregsurány
M16/T022,Csaroda
M16/T033,Eperjeske
M16/T043,Gelénes
M16/T044,Gemzse
M16/T048,Gulács
M16/T053,Gyüre
M16/T055,Hetefejércse
M16/T058,Ilk
M16/T059,Jánd
M16/T062,Jéke
M16/T076,Kisvarsány
M16/T086,Lónya
M16/T087,Lövõpetri
M16/T091,Mándok
M16/T093,Márokpapi
M16/T095,Mátyus
M16/T096,Mezõladány
M16/T108,Nagyvarsány
M16/T127,Nyírlövõ
M16/T129,Nyírmada
M16/T140,Olcsva
M16/T148,Pap
M16/T159,Pusztadobos
M16/T182,Tákos
M16/T181,Tarpa
M16/T186,Tiszaadony
M16/T195,Tiszakerecseny
M16/T198,Tiszamogyorós
M16/T201,Tiszaszalka
M16/T205,Tiszavid
M16/T207,Tivadar
M16/T208,Tornyospálca
M16/T218,Újkenéz
M16/T222,Vámosatya
M16/T224,Vásárosnamény
M16/T035,Fábiánháza
M16/T039,Fülpösdaróc
M16/T046,Géberjén
M16/T050,Gyõrtelek
M16/T061,Jármi
M16/T078,Kocsord
M16/T094,Mátészalka
M16/T102,Nagydobos
M16/T103,Nagyecsed
M16/T116,Nyírcsaholy
M16/T130,Nyírmeggyes
M16/T143,Ópályi
M16/T144,Ököritófülpös
M16/T149,Papos
M16/T152,Pátyod
M16/T157,Porcsalma
M16/T162,Rápolt
M16/T174,Szamoskér
M16/T176,Szamosszeg
M16/T213,Tyukod
M16/T214,Ura
M16/T017,Botpalád
M16/T020,Cégénydányád
M16/T021,Csaholc
M16/T023,Császló
M16/T024,Csegöld
M16/T025,Csenger
M16/T026,Csengersima
M16/T027,Csengerújfalu
M16/T028,Darnó
M16/T036,Fehérgyarmat
M16/T038,Fülesd
M16/T040,Gacsály
M16/T041,Garbolc
M16/T052,Gyügye
M16/T054,Hermánszeg
M16/T060,Jánkmajtis
M16/T069,Kérsemjén
M16/T070,Kisar
M16/T071,Kishódos
M16/T073,Kisnamény
M16/T074,Kispalád
M16/T075,Kisszekeres
M16/T079,Komlódtótfalu
M16/T082,Kölcse
M16/T083,Kömörõ
M16/T088,Magosliget
M16/T090,Mánd
M16/T097,Méhtelek
M16/T099,Milota
M16/T110,Nábrád
M16/T100,Nagyar
M16/T105,Nagyhódos
M16/T107,Nagyszekeres
M16/T111,Nemesborzova
M16/T141,Olcsvaapáti
M16/T147,Panyola
M16/T154,Penyige
M16/T165,Rozsály
M16/T167,Sonkád
M16/T172,Szamosangyalos
M16/T173,Szamosbecs
M16/T175,Szamossályi
M16/T177,Szamostatárfalva
M16/T178,Szamosújlak
M16/T179,Szatmárcseke
M16/T187,Tiszabecs
M16/T190,Tiszacsécse
M16/T196,Tiszakóród
M16/T206,Tisztaberek
M16/T209,Tunyogmatolcs
M16/T211,Túristvándi
M16/T212,Túrricse
M16/T215,Uszka
M16/T223,Vámosoroszi
M16/T225,Zajta
M16/T227,Zsarolyán
M17/T005,Báta
M17/T010,Bogyiszló
M17/T018,Decs
M17/T027,Fácánkert
M17/T037,Harc
M17/T062,Medina
M17/T078,Õcsény
M17/T085,Sárpilis
M17/T088,Sióagárd
M17/T094,Szedres
M17/T095,Szekszárd
M17/T099,Tolna
M17/T009,Bikács
M17/T013,Bölcske
M17/T022,Dunaföldvár
M17/T023,Dunaszentgyörgy
M17/T026,Fadd
M17/T031,Gerjen
M17/T035,Györköny
M17/T042,Kajdacs
M17/T052,Kistormás
M17/T056,Kölesd
M17/T060,Madocsa
M17/T069,Nagydorog
M17/T076,Németkér
M17/T079,Paks
M17/T080,Pálfa
M17/T083,Pusztahencse
M17/T086,Sárszentlõrinc
M17/T097,Tengelic
M17/T001,Alsónána
M17/T002,Alsónyék
M17/T003,Aparhant
M17/T006,Bátaapáti
M17/T007,Bátaszék
M17/T011,Bonyhád
M17/T012,Bonyhádvarasd
M17/T014,Cikó
M17/T028,Felsõnána
M17/T032,Grábóc
M17/T034,Györe
M17/T040,Izmény
M17/T043,Kakasd
M17/T048,Kéty
M17/T049,Kisdorog
M17/T050,Kismányok
M17/T053,Kisvejke
M17/T059,Lengyel
M17/T064,Mórágy
M17/T065,Mõcsény
M17/T066,Mucsfa
M17/T068,Murga
M17/T071,Nagymányok
M17/T074,Nagyvejke
M17/T082,Pörböly
M17/T092,Szálka
M17/T098,Tevel
M17/T104,Váralja
M17/T105,Várdomb
M17/T107,Závod
M17/T108,Zomba
M17/T004,Attala
M17/T015,Csibrák
M17/T016,Csikóstõttõs
M17/T017,Dalmand
M17/T020,Dombóvár
M17/T021,Döbrököz
M17/T036,Gyulaj
M17/T041,Jágónak
M17/T045,Kapospula
M17/T046,Kaposszekcsõ
M17/T054,Kocsola
M17/T057,Kurd
M17/T058,Lápafõ
M17/T075,Nak
M17/T091,Szakcs
M17/T106,Várong
M17/T008,Belecska
M17/T019,Diósberény
M17/T024,Dúzs
M17/T025,Értény
M17/T029,Felsõnyék
M17/T030,Fürged
M17/T033,Gyönk
M17/T038,Hõgyész
M17/T039,Iregszemcse
M17/T044,Kalaznó
M17/T047,Keszõhidegkút
M17/T051,Kisszékely
M17/T055,Koppányszántó
M17/T061,Magyarkeszi
M17/T063,Miszla
M17/T067,Mucsi
M17/T070,Nagykónyi
M17/T072,Nagyszékely
M17/T073,Nagyszokoly
M17/T077,Ozora
M17/T109,Pári
M17/T081,Pincehely
M17/T084,Regöly
M17/T087,Simontornya
M17/T089,Szakadát
M17/T090,Szakály
M17/T093,Szárazd
M17/T096,Tamási
M17/T100,Tolnanémedi
M17/T101,Udvari
M17/T102,Újireg
M17/T103,Varsád
M18/T186,Szombathely
M18/T007,Balogunyom
M18/T026,Csempeszkopács
M18/T040,Egyházasrádóc
M18/T050,Gyanógeregye
M18/T055,Harasztifalu
M18/T069,Ják
M18/T084,Kenéz
M18/T091,Kisunyom
M18/T107,Megyehíd
M18/T115,Nagykölked
M18/T122,Nárai
M18/T127,Nemeskolta
M18/T130,Nemesrempehollós
M18/T144,Pecöl
M18/T153,Püspökmolnári
M18/T155,Rábahídvég
M18/T157,Rábatöttös
M18/T158,Rádóckölked
M18/T163,Rum
M18/T171,Sorkifalud
M18/T172,Sorkikápolna
M18/T173,Sorokpolány
M18/T184,Szentpéterfa
M18/T188,Tanakajd
M18/T189,Táplánszentkereszt
M18/T204,Vasszécseny
M18/T215,Zsennye
M18/T001,Acsád
M18/T012,Bozsok
M18/T013,Bozzai
M18/T016,Bõ
M18/T017,Bucsu
M18/T018,Bük
M18/T019,Cák
M18/T021,Chernelházadamonya
M18/T023,Csánig
M18/T027,Csepreg
M18/T033,Dozmat
M18/T041,Felsõcsatár
M18/T046,Gencsapáti
M18/T049,Gór
M18/T051,Gyöngyösfalu
M18/T056,Hegyfalu
M18/T062,Horvátlövõ
M18/T063,Horvátzsidány
M18/T066,Iklanberény
M18/T092,Kiszsidány
M18/T096,Kõszeg
M18/T097,Kõszegdoroszló
M18/T098,Kõszegpaty
M18/T099,Kõszegszerdahely
M18/T100,Lócs
M18/T101,Lukácsháza
M18/T109,Mesterháza
M18/T111,Meszlen
M18/T114,Nagygeresd
M18/T120,Narda
M18/T123,Nemesbõd
M18/T124,Nemescsó
M18/T128,Nemesládony
M18/T131,Nick
M18/T137,Ólmod
M18/T145,Perenye
M18/T146,Peresznye
M18/T149,Pornóapáti
M18/T151,Pósfa
M18/T152,Pusztacsó
M18/T160,Répcelak
M18/T161,Répceszentgyörgy
M18/T164,Sajtoskál
M18/T165,Salköveskút
M18/T168,Sé
M18/T169,Simaság
M18/T175,Söpte
M18/T181,Szeleste
M18/T192,Tompaládony
M18/T193,Tormásliget
M18/T194,Torony
M18/T195,Tömörd
M18/T196,Uraiújfalu
M18/T207,Vámoscsalád
M18/T198,Vasasszonyfa
M18/T199,Vasegerszeg
M18/T201,Vaskeresztes
M18/T202,Vassurány
M18/T205,Vasszilvágy
M18/T209,Vát
M18/T210,Velem
M18/T212,Vép
M18/T216,Zsédeny
M18/T008,Bejcgyertyános
M18/T010,Boba
M18/T011,Borgáta
M18/T014,Bögöt
M18/T015,Bögöte
M18/T020,Celldömölk
M18/T028,Csénye
M18/T030,Csönge
M18/T036,Duka
M18/T038,Egyházashetye
M18/T048,Gérce
M18/T064,Hosszúpereszteg
M18/T065,Ikervár
M18/T070,Jákfa
M18/T071,Jánosháza
M18/T074,Káld
M18/T072,Karakó
M18/T076,Keléd
M18/T077,Kemeneskápolna
M18/T078,Kemenesmagasi
M18/T079,Kemenesmihályfa
M18/T080,Kemenespálfa
M18/T081,Kemenessömjén
M18/T082,Kemenesszentmárton
M18/T085,Kenyeri
M18/T090,Kissomlyó
M18/T094,Köcsk
M18/T106,Meggyeskovácsi
M18/T108,Mersevát
M18/T110,Mesteri
M18/T118,Nagysimonyi
M18/T125,Nemeskeresztúr
M18/T126,Nemeskocs
M18/T132,Nyõgér
M18/T135,Ostffyasszonyfa
M18/T138,Ölbõ
M18/T143,Pápoc
M18/T150,Porpác
M18/T156,Rábapaty
M18/T167,Sárvár
M18/T170,Sitke
M18/T174,Sótony
M18/T185,Szergény
M18/T191,Tokorcs
M18/T208,Vásárosmiske
M18/T200,Vashosszúfalu
M18/T214,Vönöck
M18/T002,Alsószölnök
M18/T003,Alsóújlak
M18/T004,Andrásfa
M18/T005,Apátistvánfalva
M18/T006,Bajánsenye
M18/T009,Bérbaltavár
M18/T022,Csákánydoroszló
M18/T024,Csehi
M18/T025,Csehimindszent
M18/T029,Csipkerek
M18/T031,Csörötnek
M18/T032,Daraboshegy
M18/T034,Döbörhegy
M18/T035,Döröske
M18/T037,Egervölgy
M18/T039,Egyházashollós
M18/T042,Felsõjánosfa
M18/T043,Felsõmarác
M18/T044,Felsõszölnök
M18/T045,Gasztony
M18/T047,Gersekarát
M18/T052,Gyõrvár
M18/T053,Halastó
M18/T054,Halogy
M18/T057,Hegyháthodász
M18/T058,Hegyhátsál
M18/T059,Hegyhátszentjakab
M18/T060,Hegyhátszentmárton
M18/T061,Hegyhátszentpéter
M18/T067,Ispánk
M18/T068,Ivánc
M18/T075,Kám
M18/T073,Katafa
M18/T083,Kemestaródfa
M18/T086,Kercaszomor
M18/T087,Kerkáskápolna
M18/T088,Kétvölgy
M18/T089,Kisrákos
M18/T093,Kondorfa
M18/T095,Körmend
M18/T102,Magyarlak
M18/T103,Magyarnádalja
M18/T104,Magyarszecsõd
M18/T105,Magyarszombatfa
M18/T112,Mikosszéplak
M18/T113,Molnaszecsõd
M18/T121,Nádasd
M18/T116,Nagymizdó
M18/T117,Nagyrákos
M18/T119,Nagytilaj
M18/T129,Nemesmedves
M18/T133,Olaszfa
M18/T134,Orfalu
M18/T136,Oszkó
M18/T139,Õrimagyarósd
M18/T140,Õriszentpéter
M18/T142,Pácsony
M18/T141,Pankasz
M18/T147,Petõmihályfa
M18/T148,Pinkamindszent
M18/T154,Rábagyarmat
M18/T159,Rátót
M18/T162,Rönök
M18/T166,Sárfimizdó
M18/T176,Szaknyér
M18/T177,Szakonyfalu
M18/T178,Szalafõ
M18/T179,Szarvaskend
M18/T180,Szatta
M18/T182,Szemenye
M18/T183,Szentgotthárd
M18/T187,Szõce
M18/T190,Telekes
M18/T197,Vasalja
M18/T203,Vasszentmihály
M18/T206,Vasvár
M18/T211,Velemér
M18/T213,Viszák
M19/T002,Adorjánháza
M19/T003,Ajka
M19/T005,Apácatorna
M19/T015,Bakonypölöske
M19/T042,Borszörcsök
M19/T046,Csehbánya
M19/T051,Csögle
M19/T053,Dabrony
M19/T055,Devecser
M19/T056,Doba
M19/T060,Egeralja
M19/T072,Halimba
M19/T081,Iszkáz
M19/T083,Kamond
M19/T085,Karakószörcsök
M19/T090,Kerta
M19/T094,Kisberzseny
M19/T095,Kiscsõsz
M19/T096,Kislõd
M19/T097,Kispirit
M19/T098,Kisszõlõs
M19/T099,Kolontár
M19/T113,Magyarpolány
M19/T126,Nagyalásony
M19/T130,Nagypirit
M19/T140,Noszlop
M19/T145,Oroszi
M19/T147,Öcs
M19/T163,Pusztamiske
M19/T169,Somlójenõ
M19/T170,Somlószõlõs
M19/T171,Somlóvásárhely
M19/T172,Somlóvecse
M19/T184,Szõc
M19/T192,Tüskevár
M19/T196,Úrkút
M19/T200,Városlõd
M19/T206,Vid
M19/T004,Alsóörs
M19/T006,Aszófõ
M19/T021,Balatonakali
M19/T022,Balatonalmádi
M19/T023,Balatoncsicsó
M19/T025,Balatonfõkajár
M19/T026,Balatonfüred
M19/T027,Balatonfûzfõ
M19/T029,Balatonkenese
M19/T031,Balatonszepezd
M19/T032,Balatonszõlõs
M19/T033,Balatonudvari
M19/T034,Balatonvilágos
M19/T045,Csajág
M19/T049,Csopak
M19/T058,Dörgicse
M19/T064,Felsõörs
M19/T104,Küngös
M19/T108,Litér
M19/T109,Lovas
M19/T124,Monoszló
M19/T146,Óbudavár
M19/T148,Örvényes
M19/T151,Paloznak
M19/T158,Pécsely
M19/T177,Szentantalfa
M19/T181,Szentjakabfa
M19/T185,Tagyon
M19/T190,Tihany
M19/T202,Vászoly
M19/T216,Zánka
M19/T001,Adásztevel
M19/T011,Bakonyjákó
M19/T012,Bakonykoppány
M19/T016,Bakonyság
M19/T017,Bakonyszentiván
M19/T019,Bakonyszücs
M19/T020,Bakonytamási
M19/T039,Béb
M19/T040,Békás
M19/T050,Csót
M19/T054,Dáka
M19/T057,Döbrönte
M19/T061,Egyházaskeszõ
M19/T063,Farkasgyepû
M19/T065,Ganna
M19/T066,Gecse
M19/T079,Homokbödöge
M19/T088,Kemeneshõgyész
M19/T089,Kemenesszentpéter
M19/T102,Kup
M19/T103,Külsõvat
M19/T110,Lovászpatona
M19/T112,Magyargencs
M19/T114,Malomsok
M19/T115,Marcalgergelyi
M19/T116,Marcaltõ
M19/T120,Mezõlak
M19/T121,Mihályháza
M19/T125,Nagyacsád
M19/T127,Nagydém
M19/T129,Nagygyimót
M19/T131,Nagytevel
M19/T133,Nemesgörzsöny
M19/T136,Nemesszalók
M19/T139,Németbánya
M19/T141,Nóráp
M19/T142,Nyárád
M19/T153,Pápa
M19/T154,Pápadereske
M19/T155,Pápakovácsi
M19/T156,Pápasalamon
M19/T157,Pápateszér
M19/T186,Takácsi
M19/T193,Ugod
M19/T197,Vanyola
M19/T199,Várkeszõ
M19/T198,Vaszar
M19/T209,Vinár
M19/T007,Ábrahámhegy
M19/T008,Badacsonytomaj
M19/T009,Badacsonytördemic
M19/T024,Balatonederics
M19/T028,Balatonhenye
M19/T030,Balatonrendes
M19/T036,Bazsi
M19/T041,Bodorfa
M19/T044,Csabrendek
M19/T052,Dabronc
M19/T068,Gógánfa
M19/T069,Gyepükaján
M19/T070,Gyulakeszi
M19/T074,Hegyesd
M19/T075,Hegymagas
M19/T077,Hetyefõ
M19/T080,Hosztót
M19/T084,Kapolcs
M19/T086,Káptalanfa
M19/T087,Káptalantóti
M19/T091,Kékkút
M19/T093,Kisapáti
M19/T101,Kõvágóörs
M19/T100,Köveskál
M19/T105,Lesencefalu
M19/T106,Lesenceistvánd
M19/T107,Lesencetomaj
M19/T118,Megyer
M19/T122,Mindszentkálla
M19/T123,Monostorapáti
M19/T134,Nemesgulács
M19/T135,Nemeshany
M19/T138,Nemesvita
M19/T143,Nyirád
M19/T164,Raposka
M19/T165,Révfülöp
M19/T166,Rigács
M19/T167,Salföld
M19/T168,Sáska
M19/T174,Sümeg
M19/T175,Sümegprága
M19/T178,Szentbékkálla
M19/T180,Szentimrefalva
M19/T183,Szigliget
M19/T187,Taliándörögd
M19/T188,Tapolca
M19/T194,Ukk
M19/T195,Uzsa
M19/T205,Veszprémgalsa
M19/T207,Vigántpetend
M19/T211,Zalaerdõd
M19/T212,Zalagyömörõ
M19/T213,Zalahaláp
M19/T214,Zalameggyes
M19/T215,Zalaszegvár
M19/T010,Bakonybél
M19/T013,Bakonynána
M19/T014,Bakonyoszlop
M19/T018,Bakonyszentkirály
M19/T038,Berhida
M19/T043,Borzavár
M19/T047,Csesznek
M19/T048,Csetény
M19/T059,Dudar
M19/T062,Eplény
M19/T067,Gic
M19/T082,Jásd
M19/T111,Lókút
M19/T128,Nagyesztergár
M19/T144,Olaszfalu
M19/T150,Õsi
M19/T149,Öskü
M19/T159,Pénzesgyõr
M19/T160,Pétfürdõ
M19/T161,Porva
M19/T176,Szápár
M19/T189,Tés
M19/T201,Várpalota
M19/T217,Zirc
M19/T037,Bánd
M19/T035,Barnag
M19/T073,Hárskút
M19/T076,Herend
M19/T078,Hidegkút
M19/T117,Márkó
M19/T119,Mencshely
M19/T132,Nagyvázsony
M19/T137,Nemesvámos
M19/T162,Pula
M19/T179,Szentgál
M19/T191,Tótvázsony
M19/T203,Veszprém
M19/T204,Veszprémfajsz
M19/T210,Vöröstó
M19/T071,Hajmáskér
M19/T092,Királyszentistván
M19/T152,Papkeszi
M19/T173,Sóly
M19/T182,Szentkirályszabadja
M19/T208,Vilonya
M20/T231,Zalaegerszeg
M20/T020,Belezna
M20/T033,Csapi
M20/T054,Fityeház
M20/T100,Kisrécse
M20/T116,Liszó
M20/T129,Murakeresztúr
M20/T132,Nagybakónak
M20/T134,Nagykanizsa
M20/T140,Nagyrécse
M20/T145,Nemespátró
M20/T190,Surd
M20/T240,Zalasárszeg
M20/T254,Zalaújlak
M20/T004,Alsópáhok
M20/T012,Balatongyörök
M20/T013,Balatonmagyaród
M20/T027,Bókaháza
M20/T035,Cserszegtomaj
M20/T042,Dióskál
M20/T047,Egeraracsa
M20/T050,Esztergályhorváti
M20/T051,Felsõpáhok
M20/T056,Galambok
M20/T057,Garabonc
M20/T062,Gétye
M20/T067,Gyenesdiás
M20/T072,Hévíz
M20/T080,Karmacs
M20/T093,Keszthely
M20/T123,Miháld
M20/T139,Nagyrada
M20/T142,Nemesbük
M20/T161,Pat
M20/T179,Rezi
M20/T183,Sand
M20/T185,Sármellék
M20/T193,Szentgyörgyvár
M20/T216,Vállus
M20/T218,Várvölgy
M20/T219,Vindornyafok
M20/T220,Vindornyalak
M20/T222,Vonyarcvashegy
M20/T225,Zalaapáti
M20/T235,Zalakaros
M20/T236,Zalakomár
M20/T237,Zalaköveskút
M20/T239,Zalamerenye
M20/T241,Zalaszabar
M20/T242,Zalaszántó
M20/T247,Zalaszentjakab
M20/T250,Zalaszentmárton
M20/T255,Zalavár
M20/T005,Alsórajk
M20/T006,Alsószenterzsébet
M20/T008,Baglad
M20/T016,Bánokszentgyörgy
M20/T014,Barlahida
M20/T017,Bázakerettye
M20/T018,Becsehely
M20/T021,Belsõsárd
M20/T024,Bocska
M20/T026,Borsfa
M20/T029,Bödeháza
M20/T030,Börzönce
M20/T032,Bucsuta
M20/T036,Csertalakos
M20/T037,Csesztreg
M20/T040,Csömödér
M20/T041,Csörnyeföld
M20/T043,Dobri
M20/T049,Eszteregnye
M20/T052,Felsõrajk
M20/T053,Felsõszenterzsébet
M20/T055,Fûzvölgy
M20/T058,Gáborjánháza
M20/T060,Gelse
M20/T061,Gelsesziget
M20/T064,Gosztola
M20/T066,Gutorfölde
M20/T070,Hahót
M20/T071,Hernyék
M20/T073,Homokkomárom
M20/T074,Hosszúvölgy
M20/T077,Iklódbördõce
M20/T078,Kacorlak
M20/T081,Kálócfa
M20/T082,Kányavár
M20/T087,Kerecseny
M20/T088,Kerkabarabás
M20/T089,Kerkafalva
M20/T090,Kerkakutas
M20/T091,Kerkaszentkirály
M20/T092,Kerkateskánd
M20/T094,Kilimán
M20/T096,Kiscsehi
M20/T101,Kissziget
M20/T102,Kistolmács
M20/T104,Kozmadombja
M20/T106,Külsõsárd
M20/T108,Lasztonya
M20/T109,Lendvadedes
M20/T110,Lendvajakabfa
M20/T111,Lenti
M20/T112,Letenye
M20/T115,Lispeszentadorján
M20/T117,Lovászi
M20/T118,Magyarföld
M20/T119,Magyarszentmiklós
M20/T120,Magyarszerdahely
M20/T121,Maróc
M20/T122,Márokföld
M20/T125,Mikekarácsonyfa
M20/T128,Molnári
M20/T130,Murarátka
M20/T131,Muraszemenye
M20/T144,Nemesnép
M20/T150,Nova
M20/T151,Oltárc
M20/T154,Orosztony
M20/T155,Ortaháza
M20/T162,Páka
M20/T166,Petrivente
M20/T168,Pórszombat
M20/T170,Pölöskefõ
M20/T171,Pördefölde
M20/T172,Pötréte
M20/T173,Pusztaapáti
M20/T175,Pusztamagyaród
M20/T177,Ramocsa
M20/T180,Rédics
M20/T178,Resznek
M20/T181,Rigyác
M20/T186,Semjénháza
M20/T188,Sormás
M20/T201,Szécsisziget
M20/T194,Szentgyörgyvölgy
M20/T196,Szentliszló
M20/T197,Szentmargitfalva
M20/T198,Szentpéterfölde
M20/T200,Szepetnek
M20/T202,Szijártóháza
M20/T203,Szilvágy
M20/T206,Tormafölde
M20/T207,Tornyiszentmiklós
M20/T209,Tótszentmárton
M20/T210,Tótszerdahely
M20/T212,Újudvar
M20/T213,Valkonya
M20/T217,Várfölde
M20/T224,Zajk
M20/T226,Zalabaksa
M20/T243,Zalaszentbalázs
M20/T252,Zalaszombatfa
M20/T257,Zebecke
M20/T001,Alibánfa
M20/T002,Almásháza
M20/T003,Alsónemesapáti
M20/T007,Babosdöbréte
M20/T009,Bagod
M20/T010,Bak
M20/T011,Baktüttös
M20/T015,Batyk
M20/T019,Becsvölgye
M20/T022,Bezeréd
M20/T023,Bocfölde
M20/T025,Boncodfölde
M20/T028,Böde
M20/T031,Búcsúszentlászló
M20/T034,Csatár
M20/T038,Csonkahegyhát
M20/T039,Csöde
M20/T044,Dobronhegy
M20/T045,Döbröce
M20/T046,Dötk
M20/T048,Egervár
M20/T059,Gellénháza
M20/T063,Gombosszeg
M20/T065,Gõsfa
M20/T068,Gyûrûs
M20/T069,Hagyárosbörönd
M20/T075,Hottó
M20/T076,Iborfia
M20/T079,Kallósd
M20/T083,Kávás
M20/T084,Kehidakustány
M20/T085,Kemendollár
M20/T086,Keménfa
M20/T095,Kisbucsa
M20/T097,Kisgörbõ
M20/T098,Kiskutas
M20/T099,Kispáli
M20/T103,Kisvásárhely
M20/T105,Kustánszeg
M20/T107,Lakhegy
M20/T113,Lickóvadamos
M20/T114,Ligetfalva
M20/T124,Mihályfa
M20/T126,Milejszeg
M20/T127,Misefa
M20/T133,Nagygörbõ
M20/T135,Nagykapornak
M20/T136,Nagykutas
M20/T137,Nagylengyel
M20/T138,Nagypáli
M20/T141,Nemesapáti
M20/T143,Nemeshetés
M20/T146,Nemesrádó
M20/T147,Nemessándorháza
M20/T148,Nemesszentandrás
M20/T149,Németfalu
M20/T157,Óhíd
M20/T152,Orbányosfa
M20/T153,Ormándlak
M20/T156,Ozmánbük
M20/T158,Pacsa
M20/T159,Padár
M20/T160,Pakod
M20/T163,Pálfiszeg
M20/T164,Pethõhenye
M20/T165,Petrikeresztúr
M20/T167,Pókaszepetk
M20/T169,Pölöske
M20/T174,Pusztaederics
M20/T176,Pusztaszentlászló
M20/T182,Salomvár
M20/T184,Sárhida
M20/T187,Sénye
M20/T189,Söjtör
M20/T191,Sümegcsehi
M20/T192,Szalapa
M20/T195,Szentkozmadombja
M20/T199,Szentpéterúr
M20/T204,Teskánd
M20/T205,Tilaj
M20/T208,Tófej
M20/T211,Türje
M20/T214,Vasboldogasszony
M20/T215,Vaspör
M20/T221,Vindornyaszõlõs
M20/T223,Vöckönd
M20/T227,Zalabér
M20/T228,Zalaboldogfa
M20/T229,Zalacsány
M20/T230,Zalacséb
M20/T232,Zalaháshágy
M20/T233,Zalaigrice
M20/T234,Zalaistvánd
M20/T238,Zalalövõ
M20/T244,Zalaszentgrót
M20/T245,Zalaszentgyörgy
M20/T246,Zalaszentiván
M20/T248,Zalaszentlászló
M20/T249,Zalaszentlõrinc
M20/T251,Zalaszentmihály
M20/T253,Zalatárnok
M20/T256,Zalavég
