nev,szervezet,id
Szöllősi Istvánné,SZOCIÁLDEMOKRATÁK,M01/E01/2
Schiffer András,LMP,M01/E01/3
Rogán Antal,FIDESZ-KDNP,M01/E01/4
Hegedűs Lóránt Gézáné,JOBBIK,M01/E01/5
Kerék-Bárczy Szabolcs,MSZP-EGYÜTT-DK-PM-MLP,M01/E01/6
Suhajdáné Toldi Zsanett Dea,ÖP,M01/E04/2
Varga Mihály,FIDESZ-KDNP,M01/E04/3
Szelényi Zsuzsanna,MSZP-EGYÜTT-DK-PM-MLP,M01/E04/5
Bodor Zoltán,JOBBIK,M01/E04/6
Dárdai Zsuzsanna Terézia,LMP,M01/E04/8
Mile Melinda,SEM,M01/E03/1
Dr. Németh Julianna Erzsébet,FKGP,M01/E03/2
Bartha Attila,4K!,M01/E03/3
Hajdu Mária,LMP,M01/E03/4
Szávay István,JOBBIK,M01/E03/5
Szuna Ferenc,KTI,M01/E03/7
Dr. Fónagy János Vilmos,FIDESZ-KDNP,M01/E03/8
Bauer Tamás,MSZP-EGYÜTT-DK-PM-MLP,M01/E03/9
Kiss László,MSZP-EGYÜTT-DK-PM-MLP,M01/E10/2
Póznik György Csaba,SZOCIÁLDEMOKRATÁK,M01/E10/4
Száraz Dorottya,LMP,M01/E10/6
Zsiga-Kárpát Dániel Gábor,JOBBIK,M01/E10/8
Keszegné Menczer Erzsébet Livia,FIDESZ-KDNP,M01/E10/9
Balasi Ágnes,EGYÜTT 2014,M01/E10/11
Fodor Judit,ÖP,M01/E10/12
Pásztor János Pál,JESZ,M01/E10/15
Kolozsváry István,A HAZA NEM ELADÓ,M01/E10/18
Dr. Brezovits László János,ZÖLDEK,M01/E10/22
May Miklós,MKSZU,M01/E11/3
Pajor Tibor,JOBBIK,M01/E11/4
Schiller László,SZOCIÁLDEMOKRATÁK,M01/E11/7
Kiss Péter,MSZP-EGYÜTT-DK-PM-MLP,M01/E11/8
Barna Mónika,A HAZA NEM ELADÓ,M01/E11/10
Sedon Béla,SEM,M01/E11/14
Horváth Péter Gábor,JESZ,M01/E11/16
Dr. Hollósi Antal Gábor,FIDESZ-KDNP,M01/E11/18
Rákosi Judit,LMP,M01/E11/24
Dr. Horváth Ferenc,MCP,M01/E11/25
Fehérvári Zsolt István,MUNKÁSPÁRT,M01/E11/26
Fintorné Kassai Erika,SMS,M01/E11/27
Kiss Erika,ÖP,M01/E11/28
Makai Ferenc Mihály,KTI,M01/E12/1
László Tamás,FIDESZ-KDNP,M01/E12/2
Móricz Eszter,MSZP-EGYÜTT-DK-PM-MLP,M01/E12/4
Lakatosné László Beáta,ZÖLDEK,M01/E12/5
Zala Miklós,SMS,M01/E12/6
Dr. Oláh Lajos,KISGAZDAPÁRT-MIÉP,M01/E12/9
Kelemen Éva,JESZ,M01/E12/11
Domán Attila,SZOCIÁLDEMOKRATÁK,M01/E12/12
Szilvágyi László,LMP,M01/E12/14
Vörös János,A HAZA NEM ELADÓ,M01/E12/17
Dr. Gyenes Géza József,JOBBIK,M01/E12/19
Dr. Oláh Lajos,MSZP-EGYÜTT-DK-PM-MLP,M01/E05/2
Stummer János,JOBBIK,M01/E05/3
Rónaszékiné Keresztes Monika Mária,FIDESZ-KDNP,M01/E05/4
Csiba Katalin Gyöngyvér,LMP,M01/E05/5
Varga Tibor László,JESZ,M01/E05/10
Pál Tibor Gyula,MSZP-EGYÜTT-DK-PM-MLP,M01/E06/1
Cseh Rita,ÚDP,M01/E06/2
Dr. Suda Dezső József,SZOCIÁLDEMOKRATÁK,M01/E06/7
Dúró Dóra,JOBBIK,M01/E06/8
Szilassy Gábor Cézár,JESZ,M01/E06/9
Jakabfy Tamás,LMP,M01/E06/17
Makai Istvánné,KTI,M01/E06/19
Hollós Péter Lóránt,ZÖLDEK,M01/E06/20
Horváth Aladár,MCP,M01/E06/21
Torma Zsolt,ÚMP,M01/E06/23
Csorba Lajos,Független,M01/E06/28
Dr. Vas Imre,FIDESZ-KDNP,M01/E06/30
Kállai Zsolt,ÚDP,M01/E09/1
Tubák István,JOBBIK,M01/E09/3
Balogh István Lajos,MCP,M01/E09/4
Tóth Balázs,LMP,M01/E09/5
Mata András,EU. ROM,M01/E09/6
Varga István Tibor,JESZ,M01/E09/8
Göncző Zoltán János,EGYÜTT 2014,M01/E09/10
Dr. György István,FIDESZ-KDNP,M01/E09/11
Kara Sándor,FKGP,M01/E09/12
Mészárosné Rostás Katalin Márta,SMS,M01/E09/13
Vass Zsigmond László,EP,M01/E09/15
Kerezsi László,MUNKÁSPÁRT,M01/E09/16
Burány Sándor,MSZP-EGYÜTT-DK-PM-MLP,M01/E09/17
Kovács Julianna,MCF,M01/E09/20
Jónás Lajos,ÚMP,M01/E09/22
Falus Zsolt Ferenc,KTI,M01/E14/1
Lukoczki Károly,MSZP-EGYÜTT-DK-PM-MLP,M01/E14/3
Kriskó Áron,EGYÜTT 2014,M01/E14/4
Keller Tibor Mihály,FKGP,M01/E14/5
Dunai Mónika,FIDESZ-KDNP,M01/E14/6
Zsichla Imre Gábor,SEM,M01/E14/7
Paul Tamás,SZOCIÁLDEMOKRATÁK,M01/E14/10
Magyar Márta,JESZ,M01/E14/11
Szilágyi György,JOBBIK,M01/E14/13
Dr. Schmuck Erzsébet,LMP,M01/E14/14
Éger Viktória Zsuzsanna,ÚDP,M01/E14/15
Polgár Dániel Attila,ÚMP,M01/E14/16
Diviki-Nagy Attila,ÉLŐLÁNC,M01/E14/17
Novák Előd Attila,JOBBIK,M01/E02/1
Dr. Simicskó István,FIDESZ-KDNP,M01/E02/2
Nagy Péter,JESZ,M01/E02/3
Csárdi Antal,LMP,M01/E02/4
Dr. Józsa István,MSZP-EGYÜTT-DK-PM-MLP,M01/E02/5
Benyovszky Gábor,MUNKÁSPÁRT,M01/E02/6
Petre-Varga Fruzsina Zsuzsanna,SEM,M01/E02/7
Varga Péter Miklósné,AQP,M01/E18/3
Szántó Csaba,MRPP,M01/E18/4
Bagdi Károly,JESZ,M01/E18/5
Vadász Ferenc,SMS,M01/E18/6
Freisz-Horváth Éva Margit,SZOCIÁLDEMOKRATÁK,M01/E18/8
Kovács-Haász Veronika,ZÖLDEK,M01/E18/9
Dr. Staudt Gábor,JOBBIK,M01/E18/10
Somfai Ágnes,MSZP-EGYÜTT-DK-PM-MLP,M01/E18/11
Szabolcs Attila,FIDESZ-KDNP,M01/E18/12
Köhler Ákos Tamás,KTI,M01/E18/13
Gecsei-Tóth Andrea,LMP,M01/E18/15
Nagy Donát Boldizsár,FKGP,M01/E18/17
Szekeres Péterné,SMS,M01/E07/2
Hiszékeny Dezső,MSZP-EGYÜTT-DK-PM-MLP,M01/E07/3
Jakab Gabriella,SEM,M01/E07/5
Székely Mihály,JESZ,M01/E07/6
Kern Tamás,SZOCIÁLDEMOKRATÁK,M01/E07/7
Benke László,JOBBIK,M01/E07/8
Iváncsevits Gyula,MSZDP,M01/E07/10
Dr. Szalay Péter,FIDESZ-KDNP,M01/E07/11
Tóth Attila Pál,EP,M01/E07/14
Póka Leila,ÖP,M01/E07/15
Moldován László,LMP,M01/E07/16
Csík Tamás,MCP,M01/E07/17
Tóth Csaba János,MSZP-EGYÜTT-DK-PM-MLP,M01/E08/1
Láng Márta,KTI,M01/E08/3
Dr. Hajdu József Péter,MUNKÁSPÁRT,M01/E08/4
Török Norbert Roland,JESZ,M01/E08/6
Horváth András,ÉLŐLÁNC,M01/E08/7
Dr. Papcsák Ferenc,FIDESZ-KDNP,M01/E08/8
Kovács Béla,JOBBIK,M01/E08/9
Barta János,LMP,M01/E08/10
Dr. Salha Omár,4K!,M01/E13/4
Karácsony Gergely Szilveszter,MSZP-EGYÜTT-DK-PM-MLP,M01/E13/6
Szatmáry Kristóf,FIDESZ-KDNP,M01/E13/7
Hargitai István László,ÉLŐLÁNC,M01/E13/8
Tóth László,JESZ,M01/E13/9
Bognár Tibor Mihály,ÖP,M01/E13/10
Csizmazia Ferenc István,SZOCIÁLDEMOKRATÁK,M01/E13/13
Kredits Krisztina,JOBBIK,M01/E13/14
Mizsei László,LMP,M01/E13/15
Kunhalmi Ágnes,MSZP-EGYÜTT-DK-PM-MLP,M01/E15/1
Mlinkó László Csaba,MRPP,M01/E15/3
Gyimesi László,JESZ,M01/E15/5
Szabó József,KTI,M01/E15/6
Kassai Dániel,LMP,M01/E15/7
Tagyi Kristóf Tibor,SEM,M01/E15/8
Alex Ágnes Kornélia,SZOCIÁLDEMOKRATÁK,M01/E15/12
Balogh Istvánné,EGYÜTT 2014,M01/E15/14
Mészáros Norbert,SMS,M01/E15/16
Koltai Péterné,ÚMP,M01/E15/19
Kucsák László,FIDESZ-KDNP,M01/E15/20
Beszeda Anna,ÚDP,M01/E15/22
Kostya Bánk László,SZDP,M01/E15/23
Makai Tibor,JOBBIK,M01/E15/24
Kecskés D. Gusztáv,A VÁLASZ,M01/E15/27
Várhegyi Csaba,MSZDP,M01/E15/29
Dr. Hiller István,MSZP-EGYÜTT-DK-PM-MLP,M01/E16/1
Keresztesi Gyöngyi Julianna,EU. ROM,M01/E16/2
Nándori Ferenc,JESZ,M01/E16/5
Tokody Marcell Gergely,JOBBIK,M01/E16/6
Pálosi Attila,ÖP,M01/E16/7
Fodorné Hamar Ildikó,EP,M01/E16/9
Adamik Renátó Imre,NEMZETI ÉRDEKÉRT,M01/E16/10
Földesi Gyula,FIDESZ-KDNP,M01/E16/14
Lakatos Attila,MCP,M01/E16/15
Halmy Gergely,Független,M01/E16/16
Alex Tamás,SZOCIÁLDEMOKRATÁK,M01/E16/17
Fábián Ferenc,ÚMP,M01/E16/18
Ferenczi István,LMP,M01/E16/19
Molnár Ferencné,SMS,M01/E16/20
Schnabl Marianna,KTI,M01/E16/21
Harmainé Szabó Éva,ÚDP,M01/E16/22
Böszörményi Gábor,MSZDP,M01/E16/23
Lakatos Edit,KMSZ,M01/E16/24
Szarvas József,JESZ,M01/E17/3
Perseg Imre,ÚMP,M01/E17/7
Daróczi József,MCF,M01/E17/8
Szaniszló-Bénus Benjamin,ÚDP,M01/E17/10
Léhmann Viktor,JOBBIK,M01/E17/11
Németh Szilárd István,FIDESZ-KDNP,M01/E17/12
Barabás Gyöngyvér,ÖP,M01/E17/13
Rózsa Gyula Attila,SZOCIÁLDEMOKRATÁK,M01/E17/14
Blaskó András Zoltán,FKGP,M01/E17/15
Dr. Thürmer Gyula,MUNKÁSPÁRT,M01/E17/16
Dr. Gál András Tamás,EP,M01/E17/18
Dr. Vidákovics László,MSZDP,M01/E17/19
Szedlacsek Enikő,SMS,M01/E17/20
Kölbl Gábor,MRPP,M01/E17/21
Kállai József,KTI,M01/E17/22
Tenk András,LMP,M01/E17/23
Völgyesi Krisztián,4K!,M01/E17/24
Zsell Pálné,NEMZETI ÉRDEKÉRT,M01/E17/25
Dr. Szabó Szabolcs,MSZP-EGYÜTT-DK-PM-MLP,M01/E17/28
Nagy Attila,MSZP-EGYÜTT-DK-PM-MLP,M02/E04/1
Tari József,KTI,M02/E04/2
Rémes Árpád Csaba,MGP,M02/E04/3
Angyal Károly Tibor,LMP,M02/E04/4
Tomkó Miklós László,TEMPO,M02/E04/5
Vadász Beáta,JESZ,M02/E04/6
Dénes Árpád,ÚDP,M02/E04/7
Császár Norbert,A HAZA NEM ELADÓ,M02/E04/8
Pöttendi János,EURÓPAI BALOLDAL,M02/E04/9
Tiffán Zsolt,FIDESZ-KDNP,M02/E04/10
Rippert Zoltán,SZMP,M02/E04/11
Palásti János,Független,M02/E04/12
Farkas Mihály Istvánné,MACSEP,M02/E04/13
Fonád Gyula Sándor,ÚMP,M02/E04/14
Balogh Zoltán Kálmán,SZOCIÁLDEMOKRATÁK,M02/E04/15
Fazakas András,SEM,M02/E04/16
Papp Csaba,HATMAP,M02/E04/17
Zsolnai Péterné,KMSZ,M02/E04/18
Mitrovics Olivér,MRPP,M02/E04/19
Sztojka Norbert,MCF,M02/E04/21
Kulcsár Jánosné,ÖP,M02/E04/22
Sós Miklósné,EGYIKSEM,M02/E04/23
Dörömböző Gyula,MCP,M02/E04/24
Vida Dezső Zoltán,JOBBIK,M02/E04/25
Szabó Tünde Andrea,MDU,M02/E04/27
Orsós Zoltán,EU. ROM,M02/E04/28
Barla-Szabó Zsolt Tamás,FKGP,M02/E04/29
Mályi Lászlóné,SMS,M02/E04/31
Csonka Eszter,"REND, SZABADSÁG",M02/E04/32
Fodor Antal,MCF,M02/E03/1
Kovács Béláné,MACSEP,M02/E03/3
Bertanicz Vilmos Györgyné,Független,M02/E03/4
Kecskemétiné Gomán Emma Rozália,KMSZ,M02/E03/6
László Judit,ÚMP,M02/E03/7
Kovács István,ÚDP,M02/E03/8
Loschán Ferenc,MSZP-EGYÜTT-DK-PM-MLP,M02/E03/11
Móricz Károly Antalné,SZOCIÁLDEMOKRATÁK,M02/E03/12
Szőcs Norbert,JOBBIK,M02/E03/14
Mihálovics Ibolya,MCP,M02/E03/15
Bíró Zsolt,KTI,M02/E03/17
Hartweg Ildikó Anna,LMP,M02/E03/18
Széles Orsolya,SEM,M02/E03/21
Schwarczkopf Róbert,SMS,M02/E03/22
Horváth József,MUNKÁSPÁRT,M02/E03/23
Dittrich Ferenc,JESZ,M02/E03/24
Dr. Hargitai János György,FIDESZ-KDNP,M02/E03/25
Simonné Szép Ildikó,EU. ROM,M02/E03/26
Zelei Pálné,TEMPO,M02/E03/27
Szenes Zsolt,A HAZA NEM ELADÓ,M02/E03/28
Takács Róbert,ÖP,M02/E03/30
Gyimesi Gábor Jenő,JOBBIK,M02/E02/5
Kiss Zoltán,MACSEP,M02/E02/7
Dallos Norbert,MCF,M02/E02/9
Dr. Hoppál Péter Tamás,FIDESZ-KDNP,M02/E02/10
Radányi Norbert,SEM,M02/E02/13
Parádainé Jászfi Viktória,ÚDP,M02/E02/17
Kittl János István,KTI,M02/E02/19
Petrecz Veronika,ÚMP,M02/E02/22
Dr. Szakács László,MSZP-EGYÜTT-DK-PM-MLP,M02/E02/25
Héjjas Illés Gábor,JESZ,M02/E02/27
Donáczi György János,FKGP,M02/E02/31
Dr. Keresztes László Lóránt,LMP,M02/E02/32
Gavri Edit,SZOCIÁLDEMOKRATÁK,M02/E02/34
György Zoltán Imre,A HAZA NEM ELADÓ,M02/E02/35
Sáfár Ferenc,ÖP,M02/E02/38
Szaksz Tamás,SEM,M02/E01/2
Szentes Richárd,Független,M02/E01/3
Sárközi Lajos,Független,M02/E01/4
Eckert Péter,SZAVA,M02/E01/8
Török Edina,A HAZA NEM ELADÓ,M02/E01/10
Erdélyi Sándor Mihály,SMS,M02/E01/11
Dr. Kóbor József,LMP,M02/E01/19
Juhász István,SZOCIÁLDEMOKRATÁK,M02/E01/20
Tóth József,JESZ,M02/E01/21
Németh Zsolt,JOBBIK,M02/E01/24
Csiszárné Nagy Erzsébet,TEMPO,M02/E01/26
Csizi Péter,FIDESZ-KDNP,M02/E01/28
Gyócsi Győző Roland,Független,M02/E01/31
Dr. Tóth Bertalan,MSZP-EGYÜTT-DK-PM-MLP,M02/E01/32
Ördög Margit Rozália,FKGP,M02/E01/36
Zilinszki Zita,MACSEP,M02/E01/42
Barna László István,KTI,M02/E01/46
Kissné Patkós Gyöngyi Hajnalka,MCF,M02/E01/47
Suhajda Krisztián,JOBBIK,M03/E03/3
Sztojka Mariann,MCF,M03/E03/5
Harkai Péterné,TEMPO,M03/E03/6
Kindl László,ÚDP,M03/E03/8
Font Sándor,FIDESZ-KDNP,M03/E03/9
Kiss János,MDU,M03/E03/10
Üsztöke László,Független,M03/E03/11
Kissné Simonics Gabriella,HATMAP,M03/E03/12
Tóth József,KTI,M03/E03/13
Müller János Sándor,EGYÜTT 2014,M03/E03/14
Makádi Balázs,LMP,M03/E03/15
Szalai Ferencné,"REND, SZABADSÁG",M03/E03/16
Oláh Zsoltné,MCP,M03/E03/17
Niedermüller Péter,MSZP-EGYÜTT-DK-PM-MLP,M03/E03/19
Bakó Tamás,ÚMP,M03/E03/20
Korsós Ádám János,MACSEP,M03/E03/21
Kollinger Attila,SZOCIÁLDEMOKRATÁK,M03/E03/22
Kiss Kálmán Tibor,LMP,M03/E04/1
Horváth Ferenc Antalné,KTI,M03/E04/2
Rostás Sarolta,EGYÜTT 2014,M03/E04/4
Ráska Ferenc János,HATMAP,M03/E04/6
Dr. Garai István Levente,MSZP-EGYÜTT-DK-PM-MLP,M03/E04/8
Vályi Bettina,MDU,M03/E04/9
Dr. Réczi László,SMS,M03/E04/10
Bálint Gyula,"REND, SZABADSÁG",M03/E04/11
Kolompár Attila,MACSEP,M03/E04/12
Szabó Bettina,ÚMP,M03/E04/13
Kollár László,JOBBIK,M03/E04/14
Dr. Patai Antal,SZOCIÁLDEMOKRATÁK,M03/E04/17
Somodi Milán,JESZ,M03/E04/18
Lezsák Sándor István,FIDESZ-KDNP,M03/E04/19
Kutalik Tamás,ÖP,M03/E04/20
Zsigó Róbert Vilmos,FIDESZ-KDNP,M03/E06/1
Bálint Hajnalka,MAJP,M03/E06/2
Mészáros István,JOBBIK,M03/E06/3
Teket Melinda,MSZP-EGYÜTT-DK-PM-MLP,M03/E06/4
Krizsák Péter,MCF,M03/E06/5
Radics Istvánné,SZOCIÁLDEMOKRATÁK,M03/E06/6
Ikotity István,LMP,M03/E06/8
Pekli Edit,SMS,M03/E06/9
Papp László,MKSZU,M03/E06/10
Czöndör Gyula,KTI,M03/E06/11
Gyulánszki István,MGP,M03/E06/12
Atyánszky György Ernő,JESZ,M03/E06/13
Kalapos Mária,MUNKÁSPÁRT,M03/E06/14
Kolozsvári Julianna,TEMPO,M03/E06/15
Bogdán József,MACSEP,M03/E06/16
Kohajda László István,ÉLŐLÁNC,M03/E02/1
Ladányi György,TEMPO,M03/E02/2
Oberna Zoltán,JOBBIK,M03/E02/5
Varga Kinga Mária,MSZDP,M03/E02/6
Lédeczi László,SEM,M03/E02/9
Mányi István,MACSEP,M03/E02/11
Orbán Gyula,MCP,M03/E02/13
Dr. Vancsura István,JESZ,M03/E02/14
Laskovics Diána,MSZP-EGYÜTT-DK-PM-MLP,M03/E02/18
Dr. Zombor Gábor Zoltán,FIDESZ-KDNP,M03/E02/20
Verebély András Pál,MGP,M03/E02/21
Papp Jánosné,KTI,M03/E02/22
Falusi Norbert,LMP,M03/E02/23
Lovas Ildikó Éva,A HAZA NEM ELADÓ,M03/E02/24
Balázs Beáta,EGYÜTT 2014,M03/E05/1
Farkas Gergely,JOBBIK,M03/E05/6
Logó Ilona Rita,MACSEP,M03/E05/7
Bányai Gábor Elemér,FIDESZ-KDNP,M03/E05/8
Török Zsolt Bernát,MSZP-EGYÜTT-DK-PM-MLP,M03/E05/11
Karancsi Tibor József,SZOCIÁLDEMOKRATÁK,M03/E05/12
Sárosi Albert János,ÚDP,M03/E05/14
Sinka Antal,MGP,M03/E05/15
Gyovai István,KTI,M03/E05/17
Kállai István Zsolt,SEM,M03/E05/18
Lapos Péter,LMP,M03/E05/19
Tajti Katalin,TEMPO,M03/E05/23
Uray Erzsébet,Független,M03/E05/25
Sörös József,SMS,M03/E01/2
Dr. Salacz László,FIDESZ-KDNP,M03/E01/4
Szarka Szilvia,ZÖLDEK,M03/E01/6
Gyöngyösi Márton Balázs,JOBBIK,M03/E01/7
Orbán Gábor,SZOCIÁLDEMOKRATÁK,M03/E01/9
Orbán Gyula,MACSEP,M03/E01/10
Ruszkovics János,KTI,M03/E01/11
Király József,MSZP-EGYÜTT-DK-PM-MLP,M03/E01/15
Borbély József,TEMPO,M03/E01/16
Kriskó Dávid Gábor,LMP,M03/E01/17
Pintér Kálmán,MCP,M03/E01/18
Palotai Gábor,ÖP,M03/E01/19
Nagy Gábor,LMP,M04/E04/1
Simonka György,FIDESZ-KDNP,M04/E04/3
Jámbor Nándor,JOBBIK,M04/E04/5
Csanyi Renáta Ibolya,SZAVA,M04/E04/6
Faragó Attila István,SZOCIÁLDEMOKRATÁK,M04/E04/7
Balogh Csaba,MCP,M04/E04/8
Gombosné Bárdos Gabriella Éva,HATMAP,M04/E04/9
Mák Beáta,SZDP,M04/E04/10
Nemes Miklós,MDU,M04/E04/11
Horváth Marianna,Független,M04/E04/12
Hegedűsné Bányai Ildikó,ÖP,M04/E04/13
Krisán László,ÚMP,M04/E04/14
Mezei János,MACSEP,M04/E04/15
Gál Ferenc,MUNKÁSPÁRT,M04/E04/16
Balogh Mónika,MCF,M04/E04/19
Varga Zoltán,MSZP-EGYÜTT-DK-PM-MLP,M04/E04/20
Dr. Kincses István András,SMS,M04/E04/21
Révész Géza,"REND, SZABADSÁG",M04/E04/24
Szabó Attila,EGYÜTT 2014,M04/E04/25
Berki János,A HAZA NEM ELADÓ,M04/E04/26
Kempf András,ÚDP,M04/E04/27
Rádai Alex,SZOCIÁLDEMOKRATÁK,M04/E02/1
Rejtő József,MSZP-EGYÜTT-DK-PM-MLP,M04/E02/2
Ásós Tibor,MACSEP,M04/E02/3
Varga Sándor,MSZDP,M04/E02/5
Dankó Béla,FIDESZ-KDNP,M04/E02/6
Mészáros Gina Ildikó,ÚMP,M04/E02/7
Urbancsok Istvánné,KTI,M04/E02/8
Rigler Miklós,LMP,M04/E02/9
Csanyi Lajos Edwárd,SZAVA,M04/E02/12
Kun Éva,NEMZETI ÉRDEKÉRT,M04/E02/13
Borzáné Uram Ildikó,A HAZA NEM ELADÓ,M04/E02/15
Ungvári Imre,ÚDP,M04/E02/16
Jakab József,ÖP,M04/E02/17
Samu Tamás Gergő,JOBBIK,M04/E02/19
Fischer Attila,ÖP,M04/E01/1
Bánhegyi József,MUNKÁSPÁRT,M04/E01/2
Takács Péter,LMP,M04/E01/3
Gazsó Mátyás,SEM,M04/E01/4
Bencsik Pál,JESZ,M04/E01/5
Kürti Magdolna,MACSEP,M04/E01/7
Szegedi Éva,ÚDP,M04/E01/8
Kovács Sabrina,SZOCIÁLDEMOKRATÁK,M04/E01/11
Varga Györgyné,SMS,M04/E01/12
Farkas Gábor,A HAZA NEM ELADÓ,M04/E01/14
Miklós Attila Zsolt,MSZP-EGYÜTT-DK-PM-MLP,M04/E01/16
Nagy Zsolt,ÚMP,M04/E01/17
Dr. Dévényi-Dabrowsky Géza Dániel,JOBBIK,M04/E01/18
Vantara Gyula,FIDESZ-KDNP,M04/E01/19
Szaszák Péter,NEMZETI ÉRDEKÉRT,M04/E01/20
Papp Anikó,Független,M04/E03/2
Bod Tamás,MSZP-EGYÜTT-DK-PM-MLP,M04/E03/3
Sajtos László,MCP,M04/E03/4
Szivos Lajos Zoltánné,MKSZU,M04/E03/5
Beregszászi Lili,SEM,M04/E03/6
Dr. Kovács József Dezső,FIDESZ-KDNP,M04/E03/11
Kempf-Bereczki Mária,ÚDP,M04/E03/12
Földi Mihály István,LMP,M04/E03/13
Kásler Árpád,A HAZA NEM ELADÓ,M04/E03/14
Varga Géza István,JOBBIK,M04/E03/16
Fazekas Gáborné,ÚMP,M04/E03/18
Gémes László,MACSEP,M04/E03/19
Dinya Gábor Balázs,NEMZETI ÉRDEKÉRT,M04/E03/20
Bagó Anita,ÖP,M04/E03/21
Leelőssy Éva,SMS,M04/E03/22
Szőke János,MUNKÁSPÁRT,M04/E03/23
Mata Szilárd,A VÁLASZ,M05/E05/1
Pasztorniczky István,JOBBIK,M05/E05/2
Dr. Tóth István,LMP,M05/E05/3
Musa Károly Rudolf,ÚDP,M05/E05/4
Lakatos Tibor,MCP,M05/E05/6
Vécsi István,MSZP-EGYÜTT-DK-PM-MLP,M05/E05/7
Horváth András,SZOCIÁLDEMOKRATÁK,M05/E05/8
Mizsik Diána,FKGP,M05/E05/9
Dr. Hörcsik Richárd,FIDESZ-KDNP,M05/E05/10
Mata Szabolcsné,EGYÜTT 2014,M05/E05/11
Orsovai János,A HAZA NEM ELADÓ,M05/E05/12
Gervai Valter,ÖP,M05/E05/13
Laczkó Gyula,EU. ROM,M05/E05/14
Horváth Krisztián,JESZ,M05/E05/15
Mata Szabolcs,ÚMP,M05/E05/16
Bancsók Zsolt,MACSEP,M05/E05/17
Pázmándi János,SMS,M05/E05/18
Gulyás Pál,LMP,M05/E04/1
Kovács Imre József,SZOCIÁLDEMOKRATÁK,M05/E04/2
Kalanovicsné Fábus Éva Zsuzsanna,SMS,M05/E04/6
Kardos Mihály,MUNKÁSPÁRT,M05/E04/8
Tiszaváry Fanni,SEM,M05/E04/11
Orgona Ágnes,SZEM-NŐPÁRT,M05/E04/12
Klimon István,MSZP-EGYÜTT-DK-PM-MLP,M05/E04/13
Miklós Árpád,JOBBIK,M05/E04/14
Bódis Zsolt Ferenc,ÖP,M05/E04/16
Lakatos Krisztián,MCP,M05/E04/17
Hafenscher Balázs,ÚMP,M05/E04/20
Soltész Imre István,KISGAZDAPÁRT-MIÉP,M05/E04/21
Zsiros László,JESZ,M05/E04/22
Demeter Zoltán,FIDESZ-KDNP,M05/E04/23
Ormós László,MDU,M05/E04/25
Tóth Istvánné,FKGP,M05/E04/26
Bezsilla Zoltán,TBP,M05/E04/29
Mata Szabolcs,EGYÜTT 2014,M05/E04/30
Frank Tibor,A HAZA NEM ELADÓ,M05/E04/31
Balogh Izabella Margit,ÚDP,M05/E04/32
Guba Csabáné,KTI,M05/E04/35
Kisgergely András,Nemzeti Forr.Párt,M05/E03/1
Andrássy Dénes Károly,A HAZA NEM ELADÓ,M05/E03/2
Rézműves Anikó,SMS,M05/E03/3
Harkály Csaba,MCP,M05/E03/4
Egyed Zsolt,JOBBIK,M05/E03/6
Forray Zsolt,SEM,M05/E03/8
Császár Antal László,Független,M05/E03/11
Greskovits István,FKGP,M05/E03/12
Orliczki Sándor József,SZDP,M05/E03/13
Nyakó István,MSZP-EGYÜTT-DK-PM-MLP,M05/E03/14
Szilágyi Imre,LMP,M05/E03/15
Riz Gábor,FIDESZ-KDNP,M05/E03/16
Tóth Melinda Anna,JESZ,M05/E03/17
Vágó Lajos Béla,KTI,M05/E03/18
Lázi Csaba,ÚDP,M05/E03/19
Gömöri András,ÚMP,M05/E03/20
Siroki Zsolt,EGYÜTT 2014,M05/E03/21
Kónya Béla,MUNKÁSPÁRT,M05/E03/22
Seres Géza,MACSEP,M05/E03/23
Gál József,SZOCIÁLDEMOKRATÁK,M05/E03/24
Kulin Beáta,SZOCIÁLDEMOKRATÁK,M05/E06/1
Budai Katalin,EGYÜTT 2014,M05/E06/2
Lázi Zoltán,MCP,M05/E06/3
Bancsók Zsolt,MACSEP,M05/E06/4
Kovács-Buna János,SEM,M05/E06/5
Dr. Török Pál,FKGP,M05/E06/6
Dr. Tarnai Gábor Elemér,LMP,M05/E06/7
Dr. Mengyi Roland,FIDESZ-KDNP,M05/E06/8
Pap Zsolt,MSZP-EGYÜTT-DK-PM-MLP,M05/E06/9
Németi Ilona,A HAZA NEM ELADÓ,M05/E06/10
Holcman László,Nemzeti Forr.Párt,M05/E06/11
Dr. Váli Zoltán,MUNKÁSPÁRT,M05/E06/12
Kemény Endre,JESZ,M05/E06/13
Balla Gergő,JOBBIK,M05/E06/14
Csengő Szabolcs,ÖP,M05/E06/15
Budai Mária,ÚMP,M05/E06/17
Horváth Zoltán,ÚDP,M05/E06/18
Janó Elemér,EGYÜTT 2014,M05/E01/1
Lovrity István,ZÖLDEK,M05/E01/6
Badány Lajos,JOBBIK,M05/E01/7
Csetfalvi Attila,TBP,M05/E01/8
Simon László,ÖP,M05/E01/11
Király Zsolt Ferenc,REND PÁRT,M05/E01/12
Bencze Csaba,SEM,M05/E01/13
Orosz Imre Tibor,MUNKÁSPÁRT,M05/E01/15
Csöbör Katalin,FIDESZ-KDNP,M05/E01/17
Bárcziné Galambos Enikő,FKGP,M05/E01/18
Gáspár Ferenc,ÚDP,M05/E01/19
Fintorné Barkó Anita,SZOCIÁLDEMOKRATÁK,M05/E01/21
Horváth Dániel,MRPP,M05/E01/22
Gulyás Gyula,MCP,M05/E01/23
Nagy-Korsa Judit Anna,MSZP-EGYÜTT-DK-PM-MLP,M05/E01/24
Emődi Zoltán,LMP,M05/E01/25
Kiss Gáborné,A HAZA NEM ELADÓ,M05/E01/27
Gáspár Ferenc,ÚMP,M05/E01/28
Bordás Géza,MCP,M05/E07/1
Kovács Viktorné,EP,M05/E07/3
Tállai András László,FIDESZ-KDNP,M05/E07/4
Baróczi Péter Imre,ÖP,M05/E07/5
Szabó Sándor,SMS,M05/E07/6
Juhász Csaba,SZDP,M05/E07/8
Gaszner Róbert László,FKGP,M05/E07/10
Nagy Lajos,A HAZA NEM ELADÓ,M05/E07/12
Nyeste László,MSZP-EGYÜTT-DK-PM-MLP,M05/E07/13
Vajda Béla,LMP,M05/E07/14
Dr. Szücs Lajos,MUNKÁSPÁRT,M05/E07/17
Dr. Bóta Mihály,JOBBIK,M05/E07/21
Tóth Ferenc,JESZ,M05/E07/22
Simkó István Tamás,SZOCIÁLDEMOKRATÁK,M05/E07/23
Tokár Andrásné,ZÖLDEK,M05/E07/24
Herczegh Józsefné,EGYÜTT 2014,M05/E07/25
Ritter Diána,SEM,M05/E07/26
Balogh Mónika,MACSEP,M05/E07/29
Nagy Attila,TBP,M05/E07/30
Vass József,KISGAZDAPÁRT-MIÉP,M05/E07/31
Fülöp József Istvánné,MUNKÁSPÁRT,M05/E02/1
Mile Lajos,LMP,M05/E02/7
Vékony Mária,SZOCIÁLDEMOKRATÁK,M05/E02/9
Tóth Árpád,SEM,M05/E02/10
Tamás János,MDU,M05/E02/12
Botos Ferenc,MCP,M05/E02/13
Dr. Varga László,MSZP-EGYÜTT-DK-PM-MLP,M05/E02/15
Rivnyák Tibor,FKGP,M05/E02/18
Szakos Zoltán,ÖP,M05/E02/19
Mach Kornél,MRPP,M05/E02/20
Iváncsó Zsolt,A HAZA NEM ELADÓ,M05/E02/21
Pakusza Zoltán,JOBBIK,M05/E02/22
Sebestyén László,FIDESZ-KDNP,M05/E02/23
Szabóné Füle Márta,ZÖLDEK,M05/E02/24
Nagy-Bandó András,LMP,M06/E04/5
Gera Katalin,ZÖLDEK,M06/E04/6
Surányi Vivien,MUNKÁSPÁRT,M06/E04/7
Havránek Ferenc,EURÓPAI BALOLDAL,M06/E04/8
Dr. Lázár János,FIDESZ-KDNP,M06/E04/9
Kovács László,SZOCIÁLDEMOKRATÁK,M06/E04/10
Dr. Kiss Attila,JOBBIK,M06/E04/12
Novák Szabolcs Ákos,FKGP,M06/E04/15
Tóth Ernő,KISGAZDAPÁRT-MIÉP,M06/E04/16
Nagy Attila,Független,M06/E04/17
Csőköly Sándor,MGP,M06/E04/18
Kovács Irén Judit,KTI,M06/E04/19
Varga Péter,MSZP-EGYÜTT-DK-PM-MLP,M06/E04/20
Muzsla Jánosné,A HAZA NEM ELADÓ,M06/E04/21
Dudás Zoltán Sándor,JOBBIK,M06/E03/1
Köröndi Máté,Független,M06/E03/2
Kordás Adrienn,MCP,M06/E03/3
Fekete Mihály,MGP,M06/E03/4
Kasler Sándor,A HAZA NEM ELADÓ,M06/E03/5
Rácz József,ZÖLDEK,M06/E03/6
Rostás Aranka,MACSEP,M06/E03/7
Gurdon Lajos,LMP,M06/E03/10
Farkas Sándor,FIDESZ-KDNP,M06/E03/11
Majdanics János,FKGP,M06/E03/12
Dr. Komáromi Zoltán Pál,MSZP-EGYÜTT-DK-PM-MLP,M06/E03/16
Csenki Mihály,SMS,M06/E03/17
Némethné Bátyai Edina Beáta,MSZP-EGYÜTT-DK-PM-MLP,M06/E02/3
Asztalos Károlyné,A HAZA NEM ELADÓ,M06/E02/4
Tóth Péter,JOBBIK,M06/E02/9
Tari János,EP,M06/E02/10
Ördög István,MDU,M06/E02/13
Tatár Gábor,LMP,M06/E02/14
Farkasné Kismárton Éva,MGP,M06/E02/16
B Nagy László,FIDESZ-KDNP,M06/E02/20
Dr. Bohács Zsolt József,FIDESZ-KDNP,M06/E01/1
Czeróczki Zoltán,MGP,M06/E01/3
Kozák Dávid,MCP,M06/E01/5
Rácz Tibor,JOBBIK,M06/E01/6
Dékány László,MACSEP,M06/E01/7
Frank-Csipak Csaba István,MCF,M06/E01/8
Király Renáta,EGYÜTT 2014,M06/E01/9
Faragó Bence,ÚDP,M06/E01/10
Tóth István József,FKGP,M06/E01/13
Dr. Gyovai Ferenc,NEMZETI ÉRDEKÉRT,M06/E01/14
Szabó Sándor,MSZP-EGYÜTT-DK-PM-MLP,M06/E01/15
Nagy István,MDU,M06/E01/17
Mészáros Zoltán Miklósné,SZOCIÁLDEMOKRATÁK,M06/E01/18
Török Tamás,ZÖLDEK,M06/E01/19
Tóth Tibor,A HAZA NEM ELADÓ,M06/E01/20
Németh István,KTI,M06/E01/22
Tanács Eszter,LMP,M06/E01/25
Dudás Róbert,4K!,M06/E01/26
Árgyelán János,JOBBIK,M07/E05/1
Varga Andrea,EU. ROM,M07/E05/2
Gottloz Tibor,Független,M07/E05/3
Poprócsi Hunor Botond,ÖP,M07/E05/4
Berényi Béla,MUNKÁSPÁRT,M07/E05/5
Ecsődi László József,MSZP-EGYÜTT-DK-PM-MLP,M07/E05/6
Huszti Róbert,MACSEP,M07/E05/7
Varga Gábor,FIDESZ-KDNP,M07/E05/8
Majláth László,MCP,M07/E05/9
Ács Sándor Józsefné,ÉLŐLÁNC,M07/E05/10
Márton Andrea,KTI,M07/E05/12
Deák József Zoltán,SZOCIÁLDEMOKRATÁK,M07/E05/13
Szatmári Ildikó,LMP,M07/E05/15
Németh Istvánné,EGYÜTT 2014,M07/E05/16
Pál József,EP,M07/E05/17
Szabó Ferenc,JESZ,M07/E05/18
Debreceni Péter,ÚMP,M07/E05/19
Pável Ágnes,AQP,M07/E05/20
Szabó Sándor,KTI,M07/E04/1
Dedecsik Ferenc,FKGP,M07/E04/2
Szántó Gábor,NEMZETI ÉRDEKÉRT,M07/E04/3
Orha Zoltán Béla,SZOCIÁLDEMOKRATÁK,M07/E04/7
Szarvas Dénes,ÚMP,M07/E04/10
Filus Györgyi,SZEM-NŐPÁRT,M07/E04/11
Pintér Tamás,JOBBIK,M07/E04/13
Szalai Balázs,SEM,M07/E04/14
Hermann Henrik,SMS,M07/E04/16
Subecz Tamás,EGYÜTT 2014,M07/E04/17
Dr. Galambos Dénes,FIDESZ-KDNP,M07/E04/20
Magyar András Tamás,MSZP-EGYÜTT-DK-PM-MLP,M07/E04/21
Szeibert Márton,AQP,M07/E04/22
Illéssy István,LMP,M07/E04/23
Varga György,LMP,M07/E03/2
Gáspár Kornél Dániel,JOBBIK,M07/E03/3
Dr. Molnos Levente Lóránt,FKGP,M07/E03/5
Horváth András Tibor,MSZP-EGYÜTT-DK-PM-MLP,M07/E03/6
Tessely Zoltán Károly,FIDESZ-KDNP,M07/E03/7
Huszti Dávid,MACSEP,M07/E03/8
Dr. Bednár András Tibor,SZOCIÁLDEMOKRATÁK,M07/E03/9
Bódi Tibor,SMS,M07/E03/10
Birtalan József,KTI,M07/E03/11
Veres Péter,MUNKÁSPÁRT,M07/E03/14
Papp László,SEM,M07/E03/15
Huszti Lajos,EGYÜTT 2014,M07/E03/16
Pilz István Gábor,ÚMP,M07/E03/17
Paksi Imre,MGP,M07/E03/18
Borsos Sándor Ákos,JESZ,M07/E03/19
Bogdán János,MCF,M07/E03/20
Mátrai Csaba,SMS,M07/E02/1
Herczog Edit,MSZP-EGYÜTT-DK-PM-MLP,M07/E02/2
Szebek Mihály István,KTI,M07/E02/3
Huszti Józsefné,EGYÜTT 2014,M07/E02/5
Pap Kornélia,JESZ,M07/E02/7
Abházi Ernő,MCF,M07/E02/9
Huszti Lajos,MACSEP,M07/E02/12
Fazakas Attila Levente,JOBBIK,M07/E02/13
Kovács Lili,ZÖLDEK,M07/E02/15
Kalmár András,LMP,M07/E02/18
Kovács Tamás,MCP,M07/E02/19
Törő Gábor,FIDESZ-KDNP,M07/E02/20
Vékony János,SZOCIÁLDEMOKRATÁK,M07/E02/22
Németh Erik,ÚDP,M07/E01/3
Óber László,KTI,M07/E01/5
Dr. Mező Balázs Béla,JOBBIK,M07/E01/6
Bialkó László Gergő,LMP,M07/E01/9
Dr. Márton Roland,MSZP-EGYÜTT-DK-PM-MLP,M07/E01/13
Dr. Németh Zsanett,MNP,M07/E01/16
Juhász Gyuláné,JESZ,M07/E01/17
Lakatos Gabriella,MCP,M07/E01/18
Vargha Tamás János,FIDESZ-KDNP,M07/E01/19
Pasa Gabriella,SZOCIÁLDEMOKRATÁK,M07/E01/20
Bálint Zoltán László,A HAZA NEM ELADÓ,M07/E01/21
Hutkai Anna,ÖP,M08/E05/1
Dr. Nagy István,FIDESZ-KDNP,M08/E05/2
Virág Mihályné,KMSZ,M08/E05/3
Nagy Attila Zoltán,SMS,M08/E05/4
Lipovits Máté,JOBBIK,M08/E05/5
Lehóczki Attila,MSZP-EGYÜTT-DK-PM-MLP,M08/E05/6
Ködmön Szabolcs,ÚDP,M08/E05/7
Goda Bálint Zsolt,LMP,M08/E05/9
Deák János,JESZ,M08/E05/10
Nagy Ádám,MUNKÁSPÁRT,M08/E05/11
Ódor Ferenc,SEM,M08/E05/12
Mácsik János,SZOCIÁLDEMOKRATÁK,M08/E05/14
Földvárszki István,ÚMP,M08/E05/17
Kránitz László,MSZP-EGYÜTT-DK-PM-MLP,M08/E03/1
Szakács Gyula,LMP,M08/E03/4
Sándli Zsolt,JESZ,M08/E03/6
Gyopáros Alpár Ádám,FIDESZ-KDNP,M08/E03/7
Papp Péter,ÚDP,M08/E03/9
Kovács Krisztián,EGYÜTT 2014,M08/E03/10
Mersich Dániel,ÚMP,M08/E03/12
Fodor Zoltánné,KISGAZDAPÁRT-MIÉP,M08/E03/13
Magyar Zoltán,JOBBIK,M08/E03/14
Fendrik Attila,ÚDP,M08/E04/1
Szendi Krisztián,SZOCIÁLDEMOKRATÁK,M08/E04/2
Bebesi József Lajos,LMP,M08/E04/3
Szakonyi Imre István,SMS,M08/E04/4
Kovács Martin Tamás,ÚMP,M08/E04/7
Kalmár István,MSZP-EGYÜTT-DK-PM-MLP,M08/E04/8
Belákovics András,JESZ,M08/E04/9
Brand Tara,SZDP,M08/E04/10
Firtl Mátyás Sándor,FIDESZ-KDNP,M08/E04/11
Gőbl Gábor,JOBBIK,M08/E04/12
Takács Krisztián,JOBBIK,M08/E02/2
Tánczos Ádám Péter,ÚMP,M08/E02/5
Kara Ákos,FIDESZ-KDNP,M08/E02/6
Takács András,SZOCIÁLDEMOKRATÁK,M08/E02/9
Glázer Tímea,MSZP-EGYÜTT-DK-PM-MLP,M08/E02/10
Jenei Ferenc,LMP,M08/E02/11
Szenftner László,SMS,M08/E02/12
Jámbor Zoltán,JESZ,M08/E02/13
Németh Sándor,ÚMP,M08/E01/2
Remetei Tamás,JESZ,M08/E01/4
Szalay András,ÚDP,M08/E01/6
Tempfliné Szabó Viktória,ÖP,M08/E01/9
Simon Róbert Balázs,FIDESZ-KDNP,M08/E01/15
Fodor Roland Alexander,JOBBIK,M08/E01/16
Molnár Zsolt,KTI,M08/E01/17
Madarász Zsuzsanna,LMP,M08/E01/18
Milkovics Attila,MUNKÁSPÁRT,M08/E01/19
Fábián György Zoltán,MSZP-EGYÜTT-DK-PM-MLP,M08/E01/20
Sali Csaba,SZOCIÁLDEMOKRATÁK,M08/E01/21
Székely János,A HAZA NEM ELADÓ,M09/E03/2
Pallás György,MSZP-EGYÜTT-DK-PM-MLP,M09/E03/3
Kádi István Lajos,LMP,M09/E03/7
Alföldi-Lakatos Gábor,MCP,M09/E03/9
Kajdiné Virág Katalin,SMS,M09/E03/12
Ágoston Tibor,JOBBIK,M09/E03/13
Tóth Csaba István,MACSEP,M09/E03/14
Tasó László,FIDESZ-KDNP,M09/E03/15
Géhl Attila,MKSZU,M09/E03/16
Leiterné Pálfalvi Petra,SZOCIÁLDEMOKRATÁK,M09/E03/17
Juhászné Drabik Erzsébet,MRPP,M09/E03/18
Nagy Judit Erzsébet,ÖP,M09/E03/20
Czeglédi Norbert Tamás,JESZ,M09/E03/22
Dr. Majoros Imre,LMP,M09/E04/4
Kovács Réka Zsuzsanna,SMS,M09/E04/6
Németi Attila Sándor,JESZ,M09/E04/8
Varju László,MSZP-EGYÜTT-DK-PM-MLP,M09/E04/9
Dr. Vitányi István József,FIDESZ-KDNP,M09/E04/12
Dr. Ulics Erika,JOBBIK,M09/E04/13
Szilágyi Károly,MCP,M09/E04/15
Dr. Riczkó István,Független,M09/E04/16
Nagy Sándor,SZOCIÁLDEMOKRATÁK,M09/E04/18
Horváth Gyula,EU. ROM,M09/E04/19
Weiser Írisz Vica,LMP,M09/E06/1
Széles Elek,SZDP,M09/E06/2
Zsatku Zita,MRPP,M09/E06/3
Oroszi Istvánné,ZÖLDEK,M09/E06/4
Töviskesné Dsupin Judit Ibolya,A HAZA NEM ELADÓ,M09/E06/5
Komoróczy Tibor Attila,FKGP,M09/E06/6
Kathiné Juhász Ildikó,MSZP-EGYÜTT-DK-PM-MLP,M09/E06/7
Kállai István Elek,JESZ,M09/E06/8
Fábián Kornél,ÚDP,M09/E06/9
Tóth Miklósné,TEMPO,M09/E06/10
Kulcsár Gergely,JOBBIK,M09/E06/11
Dr. Tiba István Csaba,FIDESZ-KDNP,M09/E06/13
Papp István,EGYÜTT 2014,M09/E06/14
Kovács Máté,ÖP,M09/E06/15
Nagy Károly Tiborné,SZOCIÁLDEMOKRATÁK,M09/E06/16
Andorkó László,ÚMP,M09/E06/17
Papp Csilla,MACSEP,M09/E06/18
Balogh Gusztáv,MCP,M09/E06/19
Homolya Emese Krisztina,SEM,M09/E06/20
Varga Mariann,SMS,M09/E06/21
Makula Krisztián,Független,M09/E05/1
Nagy Ildikó,ÚDP,M09/E05/2
Máté Lajos,JESZ,M09/E05/3
Bodó Sándor,FIDESZ-KDNP,M09/E05/4
Rigán István,JOBBIK,M09/E05/5
Szepesi Gábor Attila,ÖP,M09/E05/6
Balogh Kálmán,MACSEP,M09/E05/7
Kreith Anita Márta,LMP,M09/E05/9
Kapornaki Szilveszter Márió,KTI,M09/E05/10
Horváth Csaba,Független,M09/E05/11
Magyarné Marincsák Ibolya,Független,M09/E05/13
Kiss Klára,SMS,M09/E05/17
Horváth Lajosné,MRPP,M09/E05/18
Kolompár Ferenc,MCP,M09/E05/22
Bangóné Borbély Ildikó,MSZP-EGYÜTT-DK-PM-MLP,M09/E05/23
Kovács Imre,Független,M09/E05/24
Vigh Albert,NEMZETI ÉRDEKÉRT,M09/E05/28
Kovácsné Csatári Éva,EU. ROM,M09/E05/29
Szincsák Sándor,TEMPO,M09/E05/31
Dr. Kerekes László,SZOCIÁLDEMOKRATÁK,M09/E05/36
Papp Lajos,A HAZA NEM ELADÓ,M09/E05/37
Horváth András,LMP,M09/E01/1
Szendrei Attila,A HAZA NEM ELADÓ,M09/E01/2
Kósa Lajos,FIDESZ-KDNP,M09/E01/3
Herpergel Róbert,JOBBIK,M09/E01/4
Tankovszki András,JESZ,M09/E01/5
Kovács István József,MGP,M09/E01/6
Dr. Szegedi István,MSZP-EGYÜTT-DK-PM-MLP,M09/E01/7
Endrész Boldizsár,SZDP,M09/E01/9
Bakk István,SZOCIÁLDEMOKRATÁK,M09/E01/10
Domboróczki Rita,ZÖLDEK,M09/E01/12
Szabó Sándor,ÖP,M09/E01/13
Kőszeghy Csanád Ábel,JOBBIK,M09/E02/3
Szűcs István,SMS,M09/E02/4
Görög Jenő,LMP,M09/E02/8
Dr. Nagy Attila,KISGAZDAPÁRT-MIÉP,M09/E02/11
Dr. Rónai György,MSZP-EGYÜTT-DK-PM-MLP,M09/E02/12
Lakatosné Marinka Andrea,JESZ,M09/E02/14
Tóth Sebestyén,SEM,M09/E02/16
Dávidné Németi Imola Erika,SZOCIÁLDEMOKRATÁK,M09/E02/17
Dr. Pósán László,FIDESZ-KDNP,M09/E02/18
György Roland,FKGP,M10/E02/1
Vona Gábor,JOBBIK,M10/E02/6
Rozinka Gyöngyi,HATMAP,M10/E02/10
Schopf Rita,MSZDP,M10/E02/12
Dr. Lukács Zoltán,LMP,M10/E02/14
Szegváry Krisztián,SEM,M10/E02/15
Snep Andrea,"REND, SZABADSÁG",M10/E02/23
Suha Jenő,EU. ROM,M10/E02/24
Huszárné Luda Ágnes,MDU,M10/E02/25
Tenke János,A HAZA NEM ELADÓ,M10/E02/27
Dr. Sós Tamás,MSZP-EGYÜTT-DK-PM-MLP,M10/E02/28
Ivády Gábor,KTI,M10/E02/30
Rézműves Róbert,MCP,M10/E02/31
Szabó Sándor Miklós,SZOCIÁLDEMOKRATÁK,M10/E02/34
Egyed Mónika,ÖP,M10/E02/37
Horváth László Dezső,FIDESZ-KDNP,M10/E02/38
Horváth Mihály,ZÖLDEK,M10/E02/39
Subicz István,SMS,M10/E02/40
Molnár János,SZOCIÁLDEMOKRATÁK,M10/E03/1
Ács Péter,MDU,M10/E03/2
Tóth Norbert,LMP,M10/E03/4
Dr. Kapolyi László,MSZDP,M10/E03/5
Szőcs István,KMSZ,M10/E03/6
Szabó Zsolt,FIDESZ-KDNP,M10/E03/7
Ivanics Róbert,Független,M10/E03/9
Tóth-Kern Enikő,"REND, SZABADSÁG",M10/E03/11
Sneider Tamás,JOBBIK,M10/E03/12
Kiss Gábor,ÖP,M10/E03/13
Oláh Károly,FKGP,M10/E03/15
Fehér Andrea,SEM,M10/E03/16
László Zsolt,HATMAP,M10/E03/17
Mikó János,NÉP,M10/E03/20
Burai Ferenc,MCP,M10/E03/24
Korózs Lajos,MSZP-EGYÜTT-DK-PM-MLP,M10/E03/25
Ránics Erika,SMS,M10/E03/27
Botos Ferenc,KTI,M10/E03/28
Dr. Szalóczi Géza György,MSZP-EGYÜTT-DK-PM-MLP,M10/E01/1
Mirkóczki Ádám,JOBBIK,M10/E01/4
Balog István,ÖP,M10/E01/5
Szamkó Rozália,EU. ROM,M10/E01/7
Dr. Nyitrai Zsolt Péter,FIDESZ-KDNP,M10/E01/13
Dr. Csarnó Ákos,LMP,M10/E01/15
Faludi Sándor Gábor,A HAZA NEM ELADÓ,M10/E01/19
Kecskés Gábor,ZÖLDEK,M10/E01/20
Bodnár Pál,SZOCIÁLDEMOKRATÁK,M10/E01/23
Juhász Szabolcs,Független,M10/E01/25
Barkóczi Géza,MCP,M10/E01/26
Kapás József,SMS,M11/E03/4
Tóthné Ábrahám Edit,A HAZA NEM ELADÓ,M11/E03/5
Péntek Ildikó,LMP,M11/E03/6
Málovits Martin Dániel,ÚMP,M11/E03/7
Kalló Levente,MCP,M11/E03/8
Dr. Lukács László György,JOBBIK,M11/E03/9
Pásztorné Kovács Krisztina,ÖP,M11/E03/10
Ozsváth László,MSZP-EGYÜTT-DK-PM-MLP,M11/E03/11
Dr. Fazekas Sándor,FIDESZ-KDNP,M11/E03/12
Dull Krisztián Norbert,MUNKÁSPÁRT,M11/E03/13
Engler Ildikó,NEMZETI ÉRDEKÉRT,M11/E03/14
Földesné Keresztes Mariann Szilvia,JESZ,M11/E03/15
Farkas László,SZOCIÁLDEMOKRATÁK,M11/E03/16
Nagy Gyula,FKGP,M11/E03/17
Dr. Liszák János,KTI,M11/E02/1
Nagy János,Független,M11/E02/3
Budai Lóránt,JOBBIK,M11/E02/4
Turi Kristóf Tamás,MUNKÁSPÁRT,M11/E02/5
Ménkű Ottó,LMP,M11/E02/6
Szűcs Károly,NEMZETI ÉRDEKÉRT,M11/E02/7
Korsós András,MGP,M11/E02/8
Kökény Kálmán,SZOCIÁLDEMOKRATÁK,M11/E02/9
Jámbor László,A HAZA NEM ELADÓ,M11/E02/10
Dankó István,JESZ,M11/E02/11
Dr. Szekeres Imre Jenő,MSZP-EGYÜTT-DK-PM-MLP,M11/E02/12
Kövendi Erzsébet,SMS,M11/E02/14
Pócs János,FIDESZ-KDNP,M11/E02/15
Pásztor László,ÖP,M11/E02/16
Járvás István,FKGP,M11/E02/17
Baráth Zsolt György,JOBBIK,M11/E01/2
Kézér Tamás,FKGP,M11/E01/7
Iváncsik Imre,MSZP-EGYÜTT-DK-PM-MLP,M11/E01/8
Nagy József,AQP,M11/E01/9
Jakab János,MCP,M11/E01/10
Bencsik Mihály,MUNKÁSPÁRT,M11/E01/12
Hadvina Zsolt József,MGP,M11/E01/14
Dr. Pálfi Miklós,SZOCIÁLDEMOKRATÁK,M11/E01/15
Dr. Kenyeresné Kosik Ilona,JESZ,M11/E01/16
Dr. Bene Ildikó,FIDESZ-KDNP,M11/E01/17
Dr. Pető Ernő Zoltán,LMP,M11/E01/20
Horváth Zoltán,SMS,M11/E01/21
Hári Antal Dezső,A HAZA NEM ELADÓ,M11/E01/22
Reiner Tibor,NEMZETI ÉRDEKÉRT,M11/E01/24
Szabó Hajnalka,MDU,M11/E04/1
Lakatos Gusztáv,MCP,M11/E04/2
Váradi László,SZOCIÁLDEMOKRATÁK,M11/E04/3
Török Ferenc,FKGP,M11/E04/4
Csányi Tamás,JOBBIK,M11/E04/8
Boldog István,FIDESZ-KDNP,M11/E04/9
Nagy Andrásné,JESZ,M11/E04/11
Pozsonyi Péter,MUNKÁSPÁRT,M11/E04/15
Sándor Gáborné,A HAZA NEM ELADÓ,M11/E04/16
Sallai Róbert Benedek,LMP,M11/E04/19
Rózsa Endre,MSZP-EGYÜTT-DK-PM-MLP,M11/E04/20
Juhász Ferenc,SMS,M11/E04/21
Béres Bence,ÖP,M12/E03/3
Gasparovicsné Oláh Manuéla,MCP,M12/E03/4
Tenki Melinda,FKGP,M12/E03/5
Szabados Sándor,LMP,M12/E03/6
Szabó Mihály,JOBBIK,M12/E03/7
Dr. Topálné Dr. Zsilka Ilona,SZEM-NŐPÁRT,M12/E03/8
Czunyiné Dr. Bertalan Judit,FIDESZ-KDNP,M12/E03/9
Téglás Géza,A HAZA NEM ELADÓ,M12/E03/10
Vági Ágnes Csilla,JESZ,M12/E03/11
Székely Antal,MSZP-EGYÜTT-DK-PM-MLP,M12/E03/13
Nemes Tibor,ÚMP,M12/E03/14
Gomán Zsolt,KMSZ,M12/E03/15
Pintér László,ÚDP,M12/E03/18
Dr. Völner Pál,FIDESZ-KDNP,M12/E02/3
Pogány István,ÖP,M12/E02/4
Dr. Nyirán Gergely,Független,M12/E02/5
Nunkovics Tibor,JOBBIK,M12/E02/6
Makai Balázs István,KTI,M12/E02/7
Rajczy Péter Tamás,JESZ,M12/E02/8
Prommer Mátyás Jenő,LMP,M12/E02/13
Bartha Mihály Józsefné,MSZDP,M12/E02/15
Balázs Mária Borbála,MCP,M12/E02/16
Dr. Vadai Ágnes,MSZP-EGYÜTT-DK-PM-MLP,M12/E02/18
Tokaji Attila,JESZ,M12/E01/1
Bihari Ervin,MCF,M12/E01/2
Tóth-Fekete Tamás Károly,SZDP,M12/E01/3
Barczi Zsófia,MSZDP,M12/E01/4
Gutai Zsolt,LMP,M12/E01/5
Pintér Réka,SEM,M12/E01/7
Lévai István,MCP,M12/E01/8
Majer Zsuzsanna Éva,4K!,M12/E01/10
Bencsik János,FIDESZ-KDNP,M12/E01/14
Juhász Zoltán Ákos,KTI,M12/E01/15
Mayer Péter,ZÖLDEK,M12/E01/16
Pachl Tamás,A HAZA NEM ELADÓ,M12/E01/17
Petrik Tímea,MUNKÁSPÁRT,M12/E01/18
Vágó Sebestyén,JOBBIK,M12/E01/20
Béres István,ÖP,M12/E01/23
Farkas Andrea,KMSZ,M12/E01/24
Lukács Zoltán Géza,MSZP-EGYÜTT-DK-PM-MLP,M12/E01/28
Szendreiné Kis Katalin,EU. ROM,M13/E02/1
Balla Mihály Tibor,FIDESZ-KDNP,M13/E02/2
Mazgon Jelena,SMS,M13/E02/3
Belák Vince Ottó,MSZDP,M13/E02/4
Zagyvai Sándor,LMP,M13/E02/5
Hegedűs Ervin,ZÖLDEK,M13/E02/7
Borenszki Ervin,MSZP-EGYÜTT-DK-PM-MLP,M13/E02/8
Kovács Boglárka,SEM,M13/E02/9
Lakatos Nikoletta,KMSZ,M13/E02/10
Török Tamásné,A HAZA NEM ELADÓ,M13/E02/11
Rákosi György,NÉP,M13/E02/12
Makó András,SZOCIÁLDEMOKRATÁK,M13/E02/13
Nagy József,EGYÜTT 2014,M13/E02/14
Németh László,JESZ,M13/E02/16
Ráczné Molnár Mária,SZEM-NŐPÁRT,M13/E02/17
Kiss László,JOBBIK,M13/E02/18
Halasi Miklós,MCF,M13/E02/21
Szilvási István,FKGP,M13/E02/22
Vidák Zoltán,MACSEP,M13/E02/23
Tóth Zoltán,KTI,M13/E02/24
Rácz Jenő,MCP,M13/E02/27
Czekó Erzsébet,ÖP,M13/E02/28
Dr. Frankfurter Zsuzsanna,MUNKÁSPÁRT,M13/E02/29
Krekács Dániel Zsolt,SEM,M13/E01/2
Szőrös Zita,MCP,M13/E01/3
Dr. Turza Csaba József,Független,M13/E01/4
Hajdara Roland,FKGP,M13/E01/5
Laukó Lenke,A HAZA NEM ELADÓ,M13/E01/6
Komlósi Csaba,LMP,M13/E01/7
Boldvai László Róbert,MSZP-EGYÜTT-DK-PM-MLP,M13/E01/8
Becsó Zsolt,FIDESZ-KDNP,M13/E01/9
Kutas József,JOBBIK,M13/E01/10
Nagy Józsefné,MACSEP,M13/E01/11
Csikós Béla,EU. ROM,M13/E01/12
Kürti István,KISGAZDAPÁRT-MIÉP,M13/E01/13
Gazsiné Szekeres Márta,Független,M13/E01/14
Sturmann Béla,SZOCIÁLDEMOKRATÁK,M13/E01/16
Klányi József,Független,M13/E01/17
Dr. Fölker Tibor Tamás,MRPP,M13/E01/19
Dancsó János,KTI,M13/E01/20
Szabó Zsolt Attila,ÚDP,M13/E01/23
Nagy Attila Tibor,MUNKÁSPÁRT,M13/E01/25
Seres Mária,SMS,M13/E01/26
Kanyó Károly,EP,M13/E01/28
Györki Tibor,Független,M13/E01/29
Lantos István,ZÖLDEK,M13/E01/30
Baranyi István,JESZ,M13/E01/31
Földi Áron,LMP,M14/E12/1
Laczkó Józsefné,JESZ,M14/E12/3
Fenyvesné Dr. Nádas Katalin Csilla,MRPP,M14/E12/4
Dr. Horváth Melinda Erzsébet,ÉLŐLÁNC,M14/E12/5
Romhányiné Dr. Balogh Edit,MSZP-EGYÜTT-DK-PM-MLP,M14/E12/6
Volner János,JOBBIK,M14/E12/7
Cseh Mihály Attila,SZOCIÁLDEMOKRATÁK,M14/E12/8
Vágó Tibor István,SMS,M14/E12/9
Cseriné Demeter Bernadett,FKGP,M14/E12/10
Erdei Tünde,MGP,M14/E12/11
Keskeny Rudolfné,MCP,M14/E12/13
Kovács László,A HAZA NEM ELADÓ,M14/E12/14
Gyulai Lajos,MKSZU,M14/E12/18
Facskó Szilveszter,MSZDP,M14/E12/19
Bán Zsolt,ÖP,M14/E12/20
Földi László,FIDESZ-KDNP,M14/E12/22
Papp Viktor,SEM,M14/E12/23
Nagy Sándor,MUNKÁSPÁRT,M14/E04/1
Kiss Zsolt János,MSZP-EGYÜTT-DK-PM-MLP,M14/E04/2
Harrach Péter Pál,FIDESZ-KDNP,M14/E04/4
Lakatos Istvánné,KMSZ,M14/E04/5
Karnis Gáborné,TEMPO,M14/E04/8
Zsigmond Attiláné,ÚMP,M14/E04/10
Fehér Zsolt,JOBBIK,M14/E04/11
Dr. Dákay Zoltán,A HAZA NEM ELADÓ,M14/E04/12
Nógrádi Ferenc,SZOCIÁLDEMOKRATÁK,M14/E04/13
Vitéz Attila,ZÖLDEK,M14/E04/14
Bánhegyi Ildikó Mária,MKSZU,M14/E04/15
Vojnovits Erzsébet,KTI,M14/E04/16
Himmerné Wetzl Annamária,ÖP,M14/E04/18
Nagy Szilárd Benjamin,SEM,M14/E04/19
Dr. Agócs-Jesztei Ágnes,MRPP,M14/E04/20
Kőfalvi László,JESZ,M14/E04/21
Dengelegi Klára Zsuzsanna,LMP,M14/E04/22
Batáné Burik Anna,MGP,M14/E04/24
Moravcsik Attila,SMS,M14/E04/25
Lakatosné Ivanics Éva,EGYÜTT 2014,M14/E10/2
Gáspár Attila,TEMPO,M14/E10/3
Rakita Andrea Éva,SEM,M14/E10/4
Szikora Zoltán Ferencné,KTI,M14/E10/5
Tóth Ferenc Tibor,FKGP,M14/E10/6
Radics József,MCP,M14/E10/8
Molnár Józsefné,ÖP,M14/E10/9
Pogácsás Tibor János,FIDESZ-KDNP,M14/E10/11
Gányi Miklós Andrásné,NEMZETI ÉRDEKÉRT,M14/E10/12
Ujházi Károly,A HAZA NEM ELADÓ,M14/E10/13
Oroszi István,AQP,M14/E10/16
Som Zsolt,MRPP,M14/E10/17
Gulyás Nikoletta,MACSEP,M14/E10/18
Török László,LMP,M14/E10/20
Légrádi József Zoltán,ZÖLDEK,M14/E10/21
Braun Róbert,MSZP-EGYÜTT-DK-PM-MLP,M14/E10/23
Dr. Kereszturi Imre,JOBBIK,M14/E10/25
Havasiné Gölöncsér Aranka,MDU,M14/E10/26
Pánczél Károly,FIDESZ-KDNP,M14/E11/1
Bódiné Berényi Ágnes,EU. ROM,M14/E11/3
Zábrácki László,JOBBIK,M14/E11/5
Zsigár József,ÚDP,M14/E11/7
Rapcsák Győző,EP,M14/E11/9
Dankó Géza Gábor,SMS,M14/E11/10
Lakos Veronika,SZOCIÁLDEMOKRATÁK,M14/E11/11
Zagyva Gabriella,LMP,M14/E11/16
Orosz István Gábor,EGYÜTT 2014,M14/E11/17
Marján Péter György,JESZ,M14/E11/18
Szentes János,SZAVA,M14/E11/19
Székely Orsolya,SEM,M14/E11/20
Kreisz Katalin Erzsébet,ÖP,M14/E11/21
Dr. Bakó Krisztina Katalin,MSZP-EGYÜTT-DK-PM-MLP,M14/E11/23
Veres Botond,SEM,M14/E06/2
Szabó Kinga,MRPP,M14/E06/5
Bertha Szilvia Zsuzsanna,JOBBIK,M14/E06/6
Szabó Sándor,JESZ,M14/E06/8
Vécsey László József,FIDESZ-KDNP,M14/E06/9
Bercsényi Zoltán,SMS,M14/E06/10
Oláh Árpád,MCF,M14/E06/11
Sándor István,KTI,M14/E06/12
Gomány Mihály,EU. ROM,M14/E06/14
Kovács Barnabás,MSZP-EGYÜTT-DK-PM-MLP,M14/E06/15
Béres József,MGP,M14/E06/16
Rácz Adorján Barnabás,EGYÜTT 2014,M14/E06/18
Gaál István,SZOCIÁLDEMOKRATÁK,M14/E06/20
Uzsokiné Lakó Éva,A HAZA NEM ELADÓ,M14/E06/21
Lengyel Szilvia,LMP,M14/E06/22
Herczeg Attila,Független,M14/E06/23
Pikács Pálné,MCP,M14/E06/25
Dr. Penke András Mihály,FKGP,M14/E06/27
Csenger-Zalán Zsolt,FIDESZ-KDNP,M14/E02/2
Kósa Sándor,SZOCIÁLDEMOKRATÁK,M14/E02/3
Dr. Szél Bernadett,LMP,M14/E02/5
Császárné Kollár Tímea Annamária,JOBBIK,M14/E02/7
Anyalai Béla,MCP,M14/E02/8
Marton Gergő,SMS,M14/E02/11
Varga Tamás,A HAZA NEM ELADÓ,M14/E02/12
Dr. Szabóné Müller Timea Nóra,MSZP-EGYÜTT-DK-PM-MLP,M14/E02/14
Keller László,Független,M14/E02/15
Törökné Dzsaja Erzsébet Ildikó,EGYÜTT 2014,M14/E02/16
Mellákné Tóth Éva,SEM,M14/E03/1
Ferenczi János,A HAZA NEM ELADÓ,M14/E03/2
Juhász Hilda,EGYÜTT 2014,M14/E03/4
Skrobár Róbert,JESZ,M14/E03/5
Marosi Katalin,SMS,M14/E03/6
Gáspár Tibor,MCF,M14/E03/7
Murányi Levente,JOBBIK,M14/E03/8
Kardos-Horváth János,LMP,M14/E03/9
Győrfi Attila,NEMZETI ÉRDEKÉRT,M14/E03/10
Árvay-Nagy Anna,ÚMP,M14/E03/12
Hadházy Sándor,FIDESZ-KDNP,M14/E03/14
Holek Katalin,ÖP,M14/E03/15
Bassa Zoltán,4K!,M14/E03/16
Sefcsik Ibolya,EP,M14/E03/17
Kiss János,ZÖLDEK,M14/E03/18
Szinna Gábor,MSZP-EGYÜTT-DK-PM-MLP,M14/E03/19
Dr. Diószegi Gábor,SZOCIÁLDEMOKRATÁK,M14/E03/20
Kámán Dávid Miklós,ÚDP,M14/E03/22
Pokriva Nándor,NEMZETI ÉRDEKÉRT,M14/E05/1
Dr. Tuzson Bence Balázs,FIDESZ-KDNP,M14/E05/2
Nagy Nándor,4K!,M14/E05/3
Budainé Kelemen Erzsébet,JESZ,M14/E05/4
Fazekas Attila,SZOCIÁLDEMOKRATÁK,M14/E05/5
Juhász Péter,LMP,M14/E05/6
Méri László,SEM,M14/E05/7
Kovacsics Imre,A HAZA NEM ELADÓ,M14/E05/8
Nyiri Márton,JOBBIK,M14/E05/10
Szabó Imre,MSZP-EGYÜTT-DK-PM-MLP,M14/E05/11
Horváth Ferenc,KTI,M14/E05/12
Tóthné Megyes Katalin,A HAZA NEM ELADÓ,M14/E09/1
Mikus Csaba,LMP,M14/E09/3
Pukkai Tamás,ÖP,M14/E09/7
Győri Tibor,MGP,M14/E09/8
Czerván György,FIDESZ-KDNP,M14/E09/9
Pető László,JESZ,M14/E09/10
Surányi Tiborné,SMS,M14/E09/13
Sárköziné Juhász Gyöngyi,KTI,M14/E09/14
Schiller Roland,SZOCIÁLDEMOKRATÁK,M14/E09/16
Csanádi Gábor Ferenc,JOBBIK,M14/E09/17
Dr. Baja Ferenc,MSZP-EGYÜTT-DK-PM-MLP,M14/E09/18
Apáti Tibor,FKGP,M14/E09/20
Pulai Edina,JOBBIK,M14/E01/2
Pacsuta Péter János,ÉLŐLÁNC,M14/E01/4
Szekszer Bernadett Katalin,MSZDP,M14/E01/5
Rácz Róbert,4K!,M14/E01/6
Varga Illés Levente,LMP,M14/E01/7
Halász Ajtony Zsombor,FKGP,M14/E01/8
Soczó Ildikó Mária,SEM,M14/E01/10
Dr. Aradszki András,FIDESZ-KDNP,M14/E01/11
Turczer György,JESZ,M14/E01/12
Dr. Dorosz Dávid,MSZP-EGYÜTT-DK-PM-MLP,M14/E01/14
Járvás Éva,SMS,M14/E01/15
Kékesi Gergő,MKSZU,M14/E01/16
Lázár Andrea,ZÖLDEK,M14/E01/17
Fekete Kornélia,EP,M14/E01/18
Gara Ferencné,SZAVA,M14/E01/19
Varga Andrea,MDU,M14/E01/22
Vadászi Nándor,SZDP,M14/E01/23
Agócs Ildikó,MACSEP,M14/E08/3
Barna Béla,ÚMP,M14/E08/4
Bóna Zoltán,FIDESZ-KDNP,M14/E08/5
Póka László,ÖP,M14/E08/6
Kuncze Gábor,MSZP-EGYÜTT-DK-PM-MLP,M14/E08/7
Lovász Márk Renátó,ÚDP,M14/E08/8
Kanalas József,MCP,M14/E08/9
Jaksa-Ladányi Emma Zsuzsánna,LMP,M14/E08/10
Takács Gábor,KTI,M14/E08/11
Ali János,NEMZETI ÉRDEKÉRT,M14/E08/12
Kovács Gyula,EGYÜTT 2014,M14/E08/13
Jakab Mihály,MCF,M14/E08/14
Boldis György,SZOCIÁLDEMOKRATÁK,M14/E08/15
Máté Ferenc,KMSZ,M14/E08/17
Szilvási Zsolt,SEM,M14/E08/20
Lupa János,JOBBIK,M14/E08/21
Apró Tamás,JESZ,M14/E08/24
Kirner László,SMS,M14/E08/27
Pintér Sándor,LMP,M14/E07/3
Gyuriczáné Koncz Mónika,MDU,M14/E07/5
Mersei Eszter,ZÖLDEK,M14/E07/6
Kollár Krisztina,ÖP,M14/E07/7
Sas Zoltán,JOBBIK,M14/E07/8
Dr. Szűcs Lajos,FIDESZ-KDNP,M14/E07/10
Szabó Rebeka Katalin,MSZP-EGYÜTT-DK-PM-MLP,M14/E07/14
Gajdos Márk Csaba,EP,M14/E07/15
Hanák Róbert,JESZ,M14/E07/16
Tóth László,SZOCIÁLDEMOKRATÁK,M14/E07/19
Bosánszki Péter,EGYÜTT 2014,M14/E07/20
Rab Alexandra,ÚDP,M14/E07/21
Kovács Sándor Zoltán,A HAZA NEM ELADÓ,M14/E07/22
Százi Nikolett,ÚMP,M14/E07/23
Dr. Nagy Marianna,SZEM-NŐPÁRT,M14/E07/26
Géresi Julianna,SMS,M15/E03/1
Támba Klaudia,ÖP,M15/E03/3
Filák Péter,LMP,M15/E03/4
Klikkné Horváth Cecília Margit,KTI,M15/E03/5
Piltner Zsolt,JESZ,M15/E03/6
Halmos Istvánné,ÚMP,M15/E03/9
Tóth Gábor,Független,M15/E03/10
Mátyás Balázs Máté,JOBBIK,M15/E03/11
Móring József Attila,FIDESZ-KDNP,M15/E03/12
Bakos Éva Gyöngyi,A HAZA NEM ELADÓ,M15/E03/13
Nagyillés Máté,SZOCIÁLDEMOKRATÁK,M15/E03/15
Berta-Csikós Éva,SZMP,M15/E03/16
Harján Dávid,MSZP-EGYÜTT-DK-PM-MLP,M15/E03/17
Varga Zsolt,ÚDP,M15/E03/18
Dr. Palócz Mihályné,AQP,M15/E03/19
Szamosvári Szabolcs Sándor,FKGP,M15/E03/20
Dr. Léhmann György,ÉLŐLÁNC,M15/E04/1
Majkó Gyula Miklós,ÚMP,M15/E04/2
Egyedi László,A HAZA NEM ELADÓ,M15/E04/3
Herczeg Attila,ÚDP,M15/E04/4
Mülléder Gábor,EGYÜTT 2014,M15/E04/5
Witzmann Mihály,FIDESZ-KDNP,M15/E04/6
Molnárné Jakab Mária Hajnalka,SMS,M15/E04/7
Gál Ferenc,LMP,M15/E04/8
Barabás Tibor András,MKSZU,M15/E04/9
Lécz Viktor György,FKGP,M15/E04/10
Drexler Róbert Ferenc,JESZ,M15/E04/11
Tóth Attila,SEM,M15/E04/12
Berkes Gábor,JOBBIK,M15/E04/13
Harangozó Gábor István,MSZP-EGYÜTT-DK-PM-MLP,M15/E04/14
Pankász Róbert,ÚGP,M15/E04/15
Dömös Imre,KTI,M15/E04/18
Galba Mihály László,SMS,M15/E02/1
Farkas Gábor,ÚDP,M15/E02/2
Bogdán Csaba,MCP,M15/E02/4
Sipos Zoltán,FKGP,M15/E02/5
Köves Ákos,EGYÜTT 2014,M15/E02/6
Pávics Szabolcs József,ÚMP,M15/E02/7
Pandur László Gábor,KTI,M15/E02/8
Pávay Miklós Györgyné,HATMAP,M15/E02/9
Ander Balázs,JOBBIK,M15/E02/10
Kutas Viktor Csaba,LMP,M15/E02/11
Szászfalvi László,FIDESZ-KDNP,M15/E02/12
Horváth László,A HAZA NEM ELADÓ,M15/E02/13
Kovács Gábor,4K!,M15/E02/14
Paluska János,JESZ,M15/E02/15
Szép Erzsébet,MUNKÁSPÁRT,M15/E02/17
Darcsi Natália,ÖP,M15/E02/18
Csendesné Murányi Ibolya Julianna,MSZP-EGYÜTT-DK-PM-MLP,M15/E02/19
Lóth Ferenc,SZOCIÁLDEMOKRATÁK,M15/E02/20
Pusztai Gábor,SZMP,M15/E02/21
Kristóf Csaba,MEGÚJULÁSPÁRT,M15/E02/22
Gelencsér Attila,FIDESZ-KDNP,M15/E01/1
Bogdán Gábor,ÚMP,M15/E01/3
Szlobodics Gyula Károly,FKGP,M15/E01/4
Juhos Bence,JESZ,M15/E01/6
Pénzes István Györgyné,A HAZA NEM ELADÓ,M15/E01/7
Gelencsér Balázs,Független,M15/E01/8
Varga Roland,MGP,M15/E01/9
Felder Frigyes,LMP,M15/E01/11
Halmos Rita,ÚDP,M15/E01/12
Potyondi Ilona,SMS,M15/E01/13
Miháldinecz Gábor,JOBBIK,M15/E01/14
Dr. Kolber István,MSZP-EGYÜTT-DK-PM-MLP,M15/E01/15
Nagy Nándor Lajos,Független,M15/E01/16
Tilinger Péter Márk,ZÖLDEK,M15/E01/17
Csikós József,SZMP,M15/E01/18
Árok Kornél,SZOCIÁLDEMOKRATÁK,M15/E01/19
Dr. Seszták Miklós István,FIDESZ-KDNP,M16/E03/1
Tóth Péter Pál,MUNKÁSPÁRT,M16/E03/3
Kiss László,SZOCIÁLDEMOKRATÁK,M16/E03/4
Kulcsár Mária,KISGAZDAPÁRT-MIÉP,M16/E03/5
Dr. Balogh Emese Ilona,LMP,M16/E03/6
Földi István,JOBBIK,M16/E03/8
Varga István,EU. ROM,M16/E03/11
Varga Zoltán,MCP,M16/E03/12
Balogh István Csaba,MACSEP,M16/E03/13
Imre István,SMS,M16/E03/14
Farkas Bertalan,ZÖLDEK,M16/E03/15
Dr. Legény Zsolt,MSZP-EGYÜTT-DK-PM-MLP,M16/E03/16
Gyüre Lajos,JESZ,M16/E03/17
Jarkas Richárd Mátyás,SEM,M16/E03/18
Fodor Dezső,ÖP,M16/E03/19
Szilcz Ildikó,A HAZA NEM ELADÓ,M16/E03/20
Balogh István Zoltán,MACSEP,M16/E05/1
Gáldi Ádám György,JESZ,M16/E05/3
Szőcsi Richárd,EU. ROM,M16/E05/4
Halmi József,MSZP-EGYÜTT-DK-PM-MLP,M16/E05/5
Gellért Sándor,ÖP,M16/E05/6
Pásku Károly,MUNKÁSPÁRT,M16/E05/7
Balogh Pál,KISGAZDAPÁRT-MIÉP,M16/E05/8
Kovács Sándor,FIDESZ-KDNP,M16/E05/9
Tempfli József,LMP,M16/E05/10
Juhász Jácint Gyula,MRPP,M16/E05/11
Varga Gábor,FKGP,M16/E05/12
Tóthné Kun Andrea Éva,SMS,M16/E05/13
Kissné Kovács Zsuzsanna,SEM,M16/E05/15
Guthy Máté,SZOCIÁLDEMOKRATÁK,M16/E05/16
Sasvári Erzsébet,ZÖLDEK,M16/E05/18
Dr. Apáti István,JOBBIK,M16/E05/21
Horváth Antal,MCP,M16/E05/22
Szász József,A HAZA NEM ELADÓ,M16/E05/23
Dr. Tilki Attila,FIDESZ-KDNP,M16/E04/2
Halász Csaba,FKGP,M16/E04/3
Varga Ferenc,NEMZETI ÉRDEKÉRT,M16/E04/4
Katona Gina,KTI,M16/E04/5
Adorján Béla,JOBBIK,M16/E04/6
Nyerges József,EP,M16/E04/8
Kárpáti Zoltán,JESZ,M16/E04/9
Demeter István,MCP,M16/E04/10
Tóth Gábor,ZÖLDEK,M16/E04/12
Simó József,EGYÜTT 2014,M16/E04/13
Boros Attila,A HAZA NEM ELADÓ,M16/E04/14
Sipos László,SZOCIÁLDEMOKRATÁK,M16/E04/15
Jenei Ferenc,KISGAZDAPÁRT-MIÉP,M16/E04/16
Dr. Baka István,MSZP-EGYÜTT-DK-PM-MLP,M16/E04/17
Kovács Krisztián,ÖP,M16/E04/18
Bartha Olivér,LMP,M16/E04/19
Gál Noémi,SMS,M16/E04/20
Lakatos Miklós,Független,M16/E04/21
Nagy István Béla,MUNKÁSPÁRT,M16/E04/22
Váradi Gábor,Független,M16/E06/1
Dr. Kiss Sándor,JOBBIK,M16/E06/2
Nagy László Csaba,ÖP,M16/E06/3
Orgován Zoltán,MCP,M16/E06/6
Dani Zoltán,SZMP,M16/E06/7
Dr. Nagy Zsombor,JESZ,M16/E06/8
Fekete Edit Klára,KISGAZDAPÁRT-MIÉP,M16/E06/9
Kurucz Györgyné,A HAZA NEM ELADÓ,M16/E06/10
Tanács István,SEM,M16/E06/11
Varga Krisztián,SZOCIÁLDEMOKRATÁK,M16/E06/12
Dr. Simon Miklós,FIDESZ-KDNP,M16/E06/14
Dr. Helmeczy László József,MSZP-EGYÜTT-DK-PM-MLP,M16/E06/15
Tamás Sándor,FKGP,M16/E06/16
Horváth Jenőné,MGP,M16/E06/17
Balogh István,MACSEP,M16/E06/18
Máté György Ákos,LMP,M16/E06/19
Szécsi Miklós,EU. ROM,M16/E06/20
Bodó Istvánné,ZÖLDEK,M16/E06/21
Jakab József,TBP,M16/E06/22
Avakov Nyikolaj Viktorovics,KTI,M16/E06/23
Harsányi Simon,SMS,M16/E06/25
Nyíri Sándor,JESZ,M16/E02/1
Tolnai Tibor,A HAZA NEM ELADÓ,M16/E02/4
Nagy János Csaba,Független,M16/E02/5
Kovácsné Váradi Melinda,EU. ROM,M16/E02/6
Dr. Gyüre Csaba,JOBBIK,M16/E02/8
Bagdi Sándor Gábor,ÖP,M16/E02/9
Koji Attiláné,SZOCIÁLDEMOKRATÁK,M16/E02/10
Sipos Éva Katalin,ZÖLDEK,M16/E02/12
Tóth Miklós,LMP,M16/E02/15
Lakatos Lászlóné,KTI,M16/E02/16
Nagy Tibor Barnabás,KISGAZDAPÁRT-MIÉP,M16/E02/17
Huczman Miklósné,SMS,M16/E02/19
Nagy Attila,TBP,M16/E02/20
Faragó László,Független,M16/E02/21
Juhász Ferenc,MSZP-EGYÜTT-DK-PM-MLP,M16/E02/23
Dr. Vinnai Győző,FIDESZ-KDNP,M16/E02/25
Makula Gábriel,ÚDP,M16/E01/1
Makula Andrásné,ÚMP,M16/E01/2
Jeszenszki András,MSZP-EGYÜTT-DK-PM-MLP,M16/E01/3
Hornyák Péter Rajmund,KALÓZPÁRT,M16/E01/4
Matavovszky Dániel,SEM,M16/E01/5
Varga Áronné,ZÖLDEK,M16/E01/6
Szabolcsi Beáta,LMP,M16/E01/7
Kádár János,KISGAZDAPÁRT-MIÉP,M16/E01/9
Tamás László Ferenc,KTI,M16/E01/10
Szoboszlay György Csaba,SMS,M16/E01/12
Teremi László Sándorné,EGYÜTT 2014,M16/E01/13
Chrabák Sándor,A HAZA NEM ELADÓ,M16/E01/15
Nagy Róbert István,Független,M16/E01/16
Balczó Zoltán György,JOBBIK,M16/E01/18
Duka Dezső,MCP,M16/E01/19
Dr. Terebesiné Kovács Éva,SZOCIÁLDEMOKRATÁK,M16/E01/20
Farkas Roland Norbert,NEMZETI ÉRDEKÉRT,M16/E01/21
Petneházy Szabolcs Attila,FIDESZ-KDNP,M16/E01/22
Fábián Csaba János,EP,M16/E01/24
Gulácsiné Dr. Dobos Emőke,FKGP,M16/E01/25
Szepessy Zsolt László,ÖP,M16/E01/26
Dakó Attila,JESZ,M16/E01/28
Monostori János,JOBBIK,M17/E02/1
Konyár Melinda,MKSZU,M17/E02/2
Tigelmann Péter,MSZP-EGYÜTT-DK-PM-MLP,M17/E02/6
Orsós Istvánné,MACSEP,M17/E02/9
Marton Janka,AQP,M17/E02/10
Dömötörné Solymár Orsika,LMP,M17/E02/11
Lécz György,FKGP,M17/E02/12
Potápi Árpád János,FIDESZ-KDNP,M17/E02/13
Banainé Kömüves Anita,ZÖLDEK,M17/E02/15
Orsós István,EGYÜTT 2014,M17/E02/16
Nyerges Attiláné,A HAZA NEM ELADÓ,M17/E02/17
Both Norbert,SEM,M17/E01/1
Reiter Antal Józsefné,KTI,M17/E01/2
Dr. Hadházy Ákos Ányos,LMP,M17/E01/3
Horváth Krisztián,SMS,M17/E01/4
Horváth István,FIDESZ-KDNP,M17/E01/5
Ürmös M. Attila,JOBBIK,M17/E01/6
Bátori Mihály Krisztián,MCF,M17/E01/9
Sárközi Jánosné,MCP,M17/E01/10
Vas Jácint,ÚMP,M17/E01/11
Jurás Zsolt,SZOCIÁLDEMOKRATÁK,M17/E01/12
Dr. Harangozó Tamás Attila,MSZP-EGYÜTT-DK-PM-MLP,M17/E01/13
Kovács Irma Tünde,MACSEP,M17/E01/14
Molnár Attila,ÚDP,M17/E01/15
Vass Szilvia,A HAZA NEM ELADÓ,M17/E01/16
Rafael Gyula,MCP,M17/E03/1
Heringes Anita,MSZP-EGYÜTT-DK-PM-MLP,M17/E03/2
Kulcsár Virág Mónika,MDU,M17/E03/3
Váczi Ferenc,A HAZA NEM ELADÓ,M17/E03/4
Dávid István,SZMP,M17/E03/5
Harmat Gabriella,LMP,M17/E03/8
Orbán Attila,FKGP,M17/E03/9
Gajnok Rómeó,HATMAP,M17/E03/10
Bencze János,JOBBIK,M17/E03/11
Hirt Ferenc,FIDESZ-KDNP,M17/E03/12
Sárköziné Rafai Nikoletta,MACSEP,M17/E03/13
Hingl János Zsolt,SZOCIÁLDEMOKRATÁK,M17/E03/15
Eszenyi Gábor,KTI,M17/E03/16
Köhler Nóra,SEM,M17/E03/17
Tamási Gabriella,"REND, SZABADSÁG",M17/E03/18
Ferenci Richárd,SMS,M17/E03/19
Ágh Péter,FIDESZ-KDNP,M18/E02/1
Orbán Gergő,ÚDP,M18/E02/2
Bakonyi László,SZOCIÁLDEMOKRATÁK,M18/E02/3
Rába László,KTI,M18/E02/6
Fehér László István,MSZP-EGYÜTT-DK-PM-MLP,M18/E02/7
Kovács Attila,MCP,M18/E02/9
Bogáti András,LMP,M18/E02/12
Táncsics Péter,ÚMP,M18/E02/14
Kőrös Ernő,ÖP,M18/E02/15
Sztojka István,JESZ,M18/E02/16
Rába Kálmán,JOBBIK,M18/E02/17
Danka Lajos,KISGAZDAPÁRT-MIÉP,M18/E02/19
Radányi-Kovács Tamás,Nemzeti Forr.Párt,M18/E02/20
Mester Dávid,SEM,M18/E03/1
Bana Tibor,JOBBIK,M18/E03/3
Tóth Attila Géza,A HAZA NEM ELADÓ,M18/E03/4
Baracska Péter Róbert,LMP,M18/E03/5
Takács Ádám,ÚDP,M18/E03/7
Horváth István Mihály,SMS,M18/E03/10
Pillei Róbert,SZMP,M18/E03/11
Sallai Ivett,FKGP,M18/E03/12
Nagy Gergő,SZAVA,M18/E03/13
Horváth Csabáné,MCP,M18/E03/14
Bognár Erik,SZDP,M18/E03/15
Góman Károlyné,KMSZ,M18/E03/16
Sütő János Zoltán,JESZ,M18/E03/17
Wrzava Pál,MSZP-EGYÜTT-DK-PM-MLP,M18/E03/19
Racker Béla,ÚMP,M18/E03/20
V.Németh Zsolt,FIDESZ-KDNP,M18/E03/21
Kupi Jánosné,SMS,M18/E01/1
Nagy András,4K!,M18/E01/2
Balassa Péter Sándor,JOBBIK,M18/E01/3
Laki Gábor,ÚMP,M18/E01/4
Kőrössy Tamás György,FKGP,M18/E01/6
Dr. Hende Csaba Károly,FIDESZ-KDNP,M18/E01/8
Horváth Zoltán,LMP,M18/E01/9
Simon Zoltán Antal,KTI,M18/E01/10
Bősze Csaba Bálint,JESZ,M18/E01/11
Kovács Szabolcs,ÚDP,M18/E01/12
Dr. Nemény András,MSZP-EGYÜTT-DK-PM-MLP,M18/E01/15
Tóthné Szakály Henrietta,SEM,M18/E01/17
Ferenczi Gábor,JOBBIK,M19/E04/1
Király Jenny,ÚDP,M19/E04/2
Hernádi Tamás,JESZ,M19/E04/3
Királyné Ferencz Ildikó,ÚMP,M19/E04/4
Horváth Sándor,MCP,M19/E04/5
Pászli Ferenc,ZÖLDEK,M19/E04/6
Nyőgér István,LMP,M19/E04/10
Gőgös Zoltán,MSZP-EGYÜTT-DK-PM-MLP,M19/E04/12
Dr. Kovács Zoltán,FIDESZ-KDNP,M19/E04/13
Mészáros Szabolcs,EP,M19/E04/15
Dr. Horváth József,MSZP-EGYÜTT-DK-PM-MLP,M19/E03/1
Stumpf Mariann,SEM,M19/E03/2
Szabó Ferenc,A HAZA NEM ELADÓ,M19/E03/3
Bogdán Levente,MCP,M19/E03/5
Kottán Georgina,ÚMP,M19/E03/6
Barbalics Antal,KTI,M19/E03/7
Tóth Tibor,SZOCIÁLDEMOKRATÁK,M19/E03/11
Lázár Péter László,ÉLŐLÁNC,M19/E03/12
Kónya Krisztián Zsolt,JESZ,M19/E03/14
Dobó Zoltán,JOBBIK,M19/E03/15
Kócs Felicián Gábor,ÚDP,M19/E03/16
Lasztovicza Jenő,FIDESZ-KDNP,M19/E03/17
Németh Ferenc,MGP,M19/E03/18
Bándliné Keserü Judit,ÖP,M19/E03/19
Guzslován Gábor,LMP,M19/E03/20
Horváth Ferenc,EU. ROM,M19/E03/21
Széll Tamás,ÚGP,M19/E03/22
Báthori István,SEM,M19/E02/1
Scheiring Gábor,MSZP-EGYÜTT-DK-PM-MLP,M19/E02/2
Fülöp Richárd,JESZ,M19/E02/4
Varga Péter Roland,ÚMP,M19/E02/5
Puli Diána Klaudia,A HAZA NEM ELADÓ,M19/E02/6
Kincses Mária Rózsa,MDU,M19/E02/7
Tar Krisztián,ÚDP,M19/E02/8
Dr. Sinkáné Vati Júlia,ÖP,M19/E02/10
Török Mónika,SZOCIÁLDEMOKRATÁK,M19/E02/11
Strasszer Ferencné,"REND, SZABADSÁG",M19/E02/13
Orsós László Vendel,MCP,M19/E02/15
Turcsán József,MKSZU,M19/E02/17
Csonnó György Ferenc,EU. ROM,M19/E02/19
Cséby Géza Attila,LMP,M19/E02/20
Kepli Lajos,JOBBIK,M19/E02/21
Dr. Kontrát Károly,FIDESZ-KDNP,M19/E02/22
Kozmor Imre Ferenc,ÚMP,M19/E01/1
Pál Béla,MSZP-EGYÜTT-DK-PM-MLP,M19/E01/2
Kerpács István,MCP,M19/E01/6
Vajda Krisztián,ÚDP,M19/E01/7
Gerstmár Ferenc,LMP,M19/E01/8
Kovács Béla,SEM,M19/E01/11
Horváth Márton Imre,JESZ,M19/E01/13
Forgóné Kelemen Judit Andrea,JOBBIK,M19/E01/14
Dr. Navracsics Tibor,FIDESZ-KDNP,M19/E01/16
Piróth István,A HAZA NEM ELADÓ,M19/E01/18
Sinka Vivien Karolin,ÖP,M19/E01/20
Berkenyés István,FKGP,M20/E02/1
Szarvas István,SMS,M20/E02/2
Nagy Richárd,ÚDP,M20/E02/3
Németh Áron Csaba,LMP,M20/E02/4
Fenyvesi Tibor,MCP,M20/E02/5
Szermek Zsolt Ottó,MSZP-EGYÜTT-DK-PM-MLP,M20/E02/8
Selmeczy Zsuzsanna,JOBBIK,M20/E02/10
Manninger Jenő Vilmos,FIDESZ-KDNP,M20/E02/11
Kottán Krisztián,ÚMP,M20/E02/12
Balázs Árpád Mátyás,A HAZA NEM ELADÓ,M20/E02/13
Raffai Eszter Evelin,MRPP,M20/E02/15
Sütő János Zoltán,JESZ,M20/E02/17
Zsömlye György,MGP,M20/E01/1
Major Gábor,MSZP-EGYÜTT-DK-PM-MLP,M20/E01/2
Salamon László,ÚDP,M20/E01/3
Domokos Ádám,ÚMP,M20/E01/4
Jambrik Gézáné,MDU,M20/E01/5
Pete Róbert,JOBBIK,M20/E01/7
Király Ildikó,HATMAP,M20/E01/8
Jambrik Márton,"REND, SZABADSÁG",M20/E01/9
Kiss Ferenc,Független,M20/E01/13
Németh Brendon Zsolt,MCP,M20/E01/14
Hegedüs Erzsébet,SZOCIÁLDEMOKRATÁK,M20/E01/15
Tibolya Krisztina,MSZDP,M20/E01/16
Dr. Paksy Zoltán,LMP,M20/E01/17
Kulcsárné Kozma Erzsébet,SZAVA,M20/E01/19
Tóth István Jánosné,SMS,M20/E01/21
Dr. Bor Tibor,FKGP,M20/E01/22
Cseke József,SZMP,M20/E01/23
Vigh László,FIDESZ-KDNP,M20/E01/25
Czirók Erika Aranka,EP,M20/E01/26
Domokos Zsolt,EP,M20/E03/1
Piskor József Zoltán,ÖP,M20/E03/2
Cseresnyés Péter,FIDESZ-KDNP,M20/E03/3
Bogdán Zoltán,MCP,M20/E03/5
Járási István,A HAZA NEM ELADÓ,M20/E03/6
Somogyvári László,MRPP,M20/E03/9
Kucséber Ervin,FKGP,M20/E03/10
Pásztori Patricia,SEM,M20/E03/12
Barna Magdolna,KTI,M20/E03/13
Gayer András Rikárd,NOP,M20/E03/14
Göndör István,MSZP-EGYÜTT-DK-PM-MLP,M20/E03/15
Sándor József,SMS,M20/E03/18
Zakó László,JOBBIK,M20/E03/23
Molnár István,JESZ,M20/E03/24
Marton Krisztián,AQP,M20/E03/26
Tringer Ferenc Péter,LMP,M20/E03/28
