telepules_nev,telepules_id,ksh_kod,nuts3
Budapest I.ker.,M01/T001,09566,HU110
Budapest II.ker.,M01/T002,03179,HU110
Budapest III.ker.,M01/T003,18069,HU110
Budapest IV.ker.,M01/T004,05467,HU110
Budapest V.ker.,M01/T005,13392,HU110
Budapest VI.ker.,M01/T006,16586,HU110
Budapest VII.ker.,M01/T007,29744,HU110
Budapest VIII.ker.,M01/T008,25405,HU110
Budapest IX.ker.,M01/T009,29586,HU110
Budapest X.ker.,M01/T010,10700,HU110
Budapest XI.ker.,M01/T011,14216,HU110
Budapest XII.ker.,M01/T012,24697,HU110
Budapest XIII.ker.,M01/T013,24299,HU110
Budapest XIV.ker.,M01/T014,16337,HU110
Budapest XV.ker.,M01/T015,11314,HU110
Budapest XVI.ker.,M01/T016,08208,HU110
Budapest XVII.ker.,M01/T017,02112,HU110
Budapest XVIII.ker.,M01/T018,29285,HU110
Budapest XIX.ker.,M01/T019,04011,HU110
Budapest XX.ker.,M01/T020,06026,HU110
Budapest XXI.ker.,M01/T021,13189,HU110
Budapest XXII.ker.,M01/T022,10214,HU110
Budapest XXIII.ker.,M01/T023,34139,HU110
Abaliget,M02/T001,12548,HU231
Adorjás,M02/T002,06868,HU231
Almamellék,M02/T003,13329,HU231
Almáskeresztúr,M02/T004,20376,HU231
Alsómocsolád,M02/T005,17385,HU231
Alsószentmárton,M02/T006,33279,HU231
Apátvarasd,M02/T007,27298,HU231
Aranyosgadány,M02/T008,06886,HU231
Ág,M02/T009,25812,HU231
Áta,M02/T010,28583,HU231
Babarc,M02/T011,05403,HU231
Babarcszőlős,M02/T012,09663,HU231
Bakonya,M02/T013,08299,HU231
Bakóca,M02/T014,22275,HU231
Baksa,M02/T015,03975,HU231
Baranyahídvég,M02/T016,20464,HU231
Baranyajenő,M02/T017,24749,HU231
Baranyaszentgyörgy,M02/T018,05485,HU231
Basal,M02/T019,15495,HU231
Bánfa,M02/T020,07603,HU231
Bár,M02/T021,24378,HU231
Belvárdgyula,M02/T022,19008,HU231
Beremend,M02/T023,31927,HU231
Berkesd,M02/T024,16461,HU231
Besence,M02/T025,30049,HU231
Bezedek,M02/T026,14119,HU231
Bicsérd,M02/T027,13310,HU231
Bikal,M02/T028,04899,HU231
Birján,M02/T029,05139,HU231
Bisse,M02/T030,24925,HU231
Boda,M02/T031,20899,HU231
Bodolyabér,M02/T032,33002,HU231
Bogád,M02/T033,32151,HU231
Bogádmindszent,M02/T034,21892,HU231
Bogdása,M02/T035,10694,HU231
Boldogasszonyfa,M02/T036,13116,HU231
Borjád,M02/T037,06725,HU231
Bosta,M02/T038,14368,HU231
Botykapeterd,M02/T039,13365,HU231
Bóly,M02/T040,33154,HU231
Bükkösd,M02/T041,23162,HU231
Bürüs,M02/T042,07533,HU231
Csarnóta,M02/T043,30614,HU231
Csányoszró,M02/T044,19901,HU231
Csebény,M02/T045,21591,HU231
Cserdi,M02/T046,26082,HU231
Cserkút,M02/T047,03896,HU231
Csertő,M02/T048,13851,HU231
Csonkamindszent,M02/T049,22576,HU231
Cún,M02/T050,11086,HU231
Dencsháza,M02/T051,07773,HU231
Dinnyeberki,M02/T052,11952,HU231
Diósviszló,M02/T053,32373,HU231
Drávacsehi,M02/T054,28617,HU231
Drávacsepely,M02/T055,28121,HU231
Drávafok,M02/T056,17419,HU231
Drávaiványi,M02/T057,32391,HU231
Drávakeresztúr,M02/T058,09159,HU231
Drávapalkonya,M02/T059,22734,HU231
Drávapiski,M02/T060,12380,HU231
Drávaszabolcs,M02/T061,28608,HU231
Drávaszerdahely,M02/T062,30030,HU231
Drávasztára,M02/T063,21698,HU231
Dunaszekcső,M02/T064,09186,HU231
Egerág,M02/T065,28918,HU231
Egyházasharaszti,M02/T066,16498,HU231
Egyházaskozár,M02/T067,27401,HU231
Ellend,M02/T068,06099,HU231
Endrőc,M02/T069,28273,HU231
Erdősmárok,M02/T070,25821,HU231
Erdősmecske,M02/T071,18704,HU231
Erzsébet,M02/T072,13499,HU231
Fazekasboda,M02/T073,17835,HU231
Feked,M02/T074,04543,HU231
Felsőegerszeg,M02/T075,13286,HU231
Felsőszentmárton,M02/T076,08819,HU231
Garé,M02/T077,07560,HU231
Gerde,M02/T078,12751,HU231
Geresdlak,M02/T079,02857,HU231
Gerényes,M02/T080,13347,HU231
Gilvánfa,M02/T081,18333,HU231
Gordisa,M02/T082,33084,HU231
Gödre,M02/T083,33233,HU231
Görcsöny,M02/T084,30438,HU231
Görcsönydoboka,M02/T085,09636,HU231
Gyód,M02/T086,18315,HU231
Gyöngyfa,M02/T087,28404,HU231
Gyöngyösmellék,M02/T088,22664,HU231
Harkány,M02/T089,21528,HU231
Hásságy,M02/T090,27881,HU231
Hegyhátmaróc,M02/T091,30951,HU231
Hegyszentmárton,M02/T092,21023,HU231
Helesfa,M02/T093,17190,HU231
Hetvehely,M02/T094,07126,HU231
Hidas,M02/T095,06798,HU231
Himesháza,M02/T096,27933,HU231
Hirics,M02/T097,03285,HU231
Hobol,M02/T098,33932,HU231
Homorúd,M02/T099,29966,HU231
Horváthertelend,M02/T100,23074,HU231
Hosszúhetény,M02/T101,30836,HU231
Husztót,M02/T102,31431,HU231
Ibafa,M02/T103,33066,HU231
Illocska,M02/T104,31936,HU231
Ipacsfa,M02/T105,29948,HU231
Ivánbattyán,M02/T106,03337,HU231
Ivándárda,M02/T107,03346,HU231
Kacsóta,M02/T108,04297,HU231
Katádfa,M02/T109,06965,HU231
Kákics,M02/T110,06415,HU231
Kárász,M02/T111,05999,HU231
Kásád,M02/T112,17464,HU231
Kátoly,M02/T113,19132,HU231
Kemse,M02/T114,06789,HU231
Keszü,M02/T115,03832,HU231
Kékesd,M02/T116,16805,HU231
Kémes,M02/T117,10542,HU231
Kétújfalu,M02/T118,08572,HU231
Királyegyháza,M02/T119,20552,HU231
Kisasszonyfa,M02/T120,18908,HU231
Kisbeszterce,M02/T121,05722,HU231
Kisbudmér,M02/T122,22868,HU231
Kisdér,M02/T123,11183,HU231
Kisdobsza,M02/T124,33905,HU231
Kishajmás,M02/T125,06831,HU231
Kisharsány,M02/T126,27021,HU231
Kisherend,M02/T127,16975,HU231
Kisjakabfalva,M02/T128,12849,HU231
Kiskassa,M02/T129,19910,HU231
Kislippó,M02/T130,21616,HU231
Kisnyárád,M02/T131,33215,HU231
Kisszentmárton,M02/T132,08651,HU231
Kistamási,M02/T133,12353,HU231
Kistapolca,M02/T134,03151,HU231
Kistótfalu,M02/T135,10746,HU231
Kisvaszar,M02/T136,09548,HU231
Komló,M02/T137,26408,HU231
Kovácshida,M02/T138,24226,HU231
Kovácsszénája,M02/T139,14517,HU231
Kozármisleny,M02/T140,06336,HU231
Kórós,M02/T141,08110,HU231
Köblény,M02/T142,25247,HU231
Kökény,M02/T143,03540,HU231
Kölked,M02/T144,17899,HU231
Kővágószőlős,M02/T145,15538,HU231
Kővágótöttös,M02/T146,06992,HU231
Lapáncsa,M02/T147,06479,HU231
Lánycsók,M02/T148,33330,HU231
Liget,M02/T149,17604,HU231
Lippó,M02/T150,22974,HU231
Liptód,M02/T151,10038,HU231
Lothárd,M02/T152,31389,HU231
Lovászhetény,M02/T153,24624,HU231
Lúzsok,M02/T154,18865,HU231
Magyarbóly,M02/T155,25177,HU231
Magyaregregy,M02/T156,29753,HU231
Magyarhertelend,M02/T157,05430,HU231
Magyarlukafa,M02/T158,23542,HU231
Magyarmecske,M02/T159,05412,HU231
Magyarsarlós,M02/T160,27067,HU231
Magyarszék,M02/T161,22600,HU231
Magyartelek,M02/T162,04385,HU231
Majs,M02/T163,27863,HU231
Maráza,M02/T164,29920,HU231
Markóc,M02/T165,16443,HU231
Marócsa,M02/T166,15219,HU231
Martonfa,M02/T167,02228,HU231
Matty,M02/T168,15051,HU231
Mágocs,M02/T169,06813,HU231
Mánfa,M02/T170,33923,HU231
Márfa,M02/T171,09450,HU231
Máriakéménd,M02/T172,14483,HU231
Márok,M02/T173,20659,HU231
Máza,M02/T174,33756,HU231
Mecseknádasd,M02/T175,13444,HU231
Mecsekpölöske,M02/T176,11402,HU231
Mekényes,M02/T177,30492,HU231
Merenye,M02/T178,07737,HU231
Meződ,M02/T179,03470,HU231
Mindszentgodisa,M02/T180,16285,HU231
Mohács,M02/T181,23959,HU231
Molvány,M02/T182,29522,HU231
Monyoród,M02/T183,16027,HU231
Mozsgó,M02/T184,29540,HU231
Nagybudmér,M02/T185,03984,HU231
Nagycsány,M02/T186,18111,HU231
Nagydobsza,M02/T187,33899,HU231
Nagyhajmás,M02/T188,12858,HU231
Nagyharsány,M02/T189,02653,HU231
Nagykozár,M02/T190,10940,HU231
Nagynyárád,M02/T191,14650,HU231
Nagypall,M02/T192,19877,HU231
Nagypeterd,M02/T193,27164,HU231
Nagytótfalu,M02/T194,28927,HU231
Nagyváty,M02/T195,14191,HU231
Nemeske,M02/T196,18236,HU231
Nyugotszenterzsébet,M02/T197,26329,HU231
Okorág,M02/T198,20686,HU231
Okorvölgy,M02/T199,08341,HU231
Olasz,M02/T200,18555,HU231
Old,M02/T201,21704,HU231
Orfű,M02/T202,11730,HU231
Oroszló,M02/T203,04482,HU231
Óbánya,M02/T204,12645,HU231
Ócsárd,M02/T205,03780,HU231
Ófalu,M02/T206,19646,HU231
Ózdfalu,M02/T207,18661,HU231
Palé,M02/T208,23764,HU231
Palkonya,M02/T209,07153,HU231
Palotabozsok,M02/T210,10135,HU231
Patapoklosi,M02/T211,17792,HU231
Páprád,M02/T212,07010,HU231
Pellérd,M02/T213,16115,HU231
Pereked,M02/T214,12867,HU231
Peterd,M02/T215,32425,HU231
Pettend,M02/T216,29762,HU231
Pécs,M02/T217,19415,HU231
Pécsbagota,M02/T218,21519,HU231
Pécsdevecser,M02/T219,15389,HU231
Pécsudvard,M02/T220,21096,HU231
Pécsvárad,M02/T221,10825,HU231
Piskó,M02/T222,23506,HU231
Pogány,M02/T223,17242,HU231
Pócsa,M02/T224,22266,HU231
Rádfalva,M02/T225,11518,HU231
Regenye,M02/T226,25292,HU231
Romonya,M02/T227,24855,HU231
Rózsafa,M02/T228,04516,HU231
Sámod,M02/T229,18050,HU231
Sárok,M02/T230,20862,HU231
Sásd,M02/T231,32160,HU231
Sátorhely,M02/T232,33482,HU231
Sellye,M02/T233,28741,HU231
Siklós,M02/T234,05519,HU231
Siklósbodony,M02/T235,23205,HU231
Siklósnagyfalu,M02/T236,08800,HU231
Somberek,M02/T237,23472,HU231
Somogyapáti,M02/T238,23807,HU231
Somogyhatvan,M02/T239,25070,HU231
Somogyhárságy,M02/T240,29142,HU231
Somogyviszló,M02/T241,21281,HU231
Sósvertike,M02/T242,31714,HU231
Sumony,M02/T243,02547,HU231
Szabadszentkirály,M02/T244,15079,HU231
Szajk,M02/T245,08475,HU231
Szalatnak,M02/T246,09007,HU231
Szalánta,M02/T247,22257,HU231
Szaporca,M02/T248,34032,HU231
Szava,M02/T249,31060,HU231
Szágy,M02/T250,27508,HU231
Szárász,M02/T251,07366,HU231
Szászvár,M02/T252,33765,HU231
Szebény,M02/T253,03018,HU231
Szederkény,M02/T254,05607,HU231
Szellő,M02/T255,16984,HU231
Szemely,M02/T256,09308,HU231
Szentdénes,M02/T257,32009,HU231
Szentegát,M02/T258,33613,HU231
Szentkatalin,M02/T259,09803,HU231
Szentlászló,M02/T260,16355,HU231
Szentlőrinc,M02/T261,15866,HU231
Székelyszabar,M02/T262,16771,HU231
Szigetvár,M02/T263,26578,HU231
Szilágy,M02/T264,19831,HU231
Szilvás,M02/T265,24712,HU231
Szörény,M02/T266,05528,HU231
Szőke,M02/T267,22211,HU231
Szőkéd,M02/T268,07694,HU231
Szulimán,M02/T269,15404,HU231
Szűr,M02/T270,11217,HU231
Tarrós,M02/T271,15635,HU231
Teklafalu,M02/T272,32072,HU231
Tengeri,M02/T273,13675,HU231
Tékes,M02/T274,27702,HU231
Tésenfa,M02/T275,32744,HU231
Téseny,M02/T276,20978,HU231
Tormás,M02/T277,22424,HU231
Tófű,M02/T278,04048,HU231
Tótszentgyörgy,M02/T279,26994,HU231
Töttös,M02/T280,04136,HU231
Túrony,M02/T281,18582,HU231
Udvar,M02/T282,04437,HU231
Újpetre,M02/T283,06062,HU231
Vajszló,M02/T284,28538,HU231
Varga,M02/T285,28529,HU231
Várad,M02/T286,08138,HU231
Vásárosbéc,M02/T287,24952,HU231
Vásárosdombó,M02/T288,02264,HU231
Vázsnok,M02/T289,07074,HU231
Vejti,M02/T290,18519,HU231
Velény,M02/T291,22071,HU231
Versend,M02/T292,19725,HU231
Vékény,M02/T293,24402,HU231
Véménd,M02/T294,20279,HU231
Villány,M02/T295,28024,HU231
Villánykövesd,M02/T296,05209,HU231
Vokány,M02/T297,05892,HU231
Zaláta,M02/T298,25122,HU231
Zádor,M02/T299,17747,HU231
Zengővárkony,M02/T300,15848,HU231
Zók,M02/T301,12201,HU231
Akasztó,M03/T001,21944,HU331
Apostag,M03/T002,21148,HU331
Ágasegyháza,M03/T003,17686,HU331
Baja,M03/T004,03522,HU331
Ballószög,M03/T005,13408,HU331
Balotaszállás,M03/T006,25937,HU331
Bácsalmás,M03/T007,10719,HU331
Bácsbokod,M03/T008,10180,HU331
Bácsborsód,M03/T009,27234,HU331
Bácsszentgyörgy,M03/T010,08697,HU331
Bácsszőlős,M03/T011,30155,HU331
Bátmonostor,M03/T012,03656,HU331
Bátya,M03/T013,11961,HU331
Borota,M03/T014,19327,HU331
Bócsa,M03/T015,08305,HU331
Bugac,M03/T016,32823,HU331
Bugacpusztaháza,M03/T017,33631,HU331
Császártöltés,M03/T018,10472,HU331
Csátalja,M03/T019,26471,HU331
Csávoly,M03/T020,16373,HU331
Csengőd,M03/T021,12344,HU331
Csikéria,M03/T022,15699,HU331
Csólyospálos,M03/T023,12025,HU331
Dávod,M03/T024,10533,HU331
Drágszél,M03/T025,07524,HU331
Dunaegyháza,M03/T026,21069,HU331
Dunafalva,M03/T027,12566,HU331
Dunapataj,M03/T028,07861,HU331
Dunaszentbenedek,M03/T029,11606,HU331
Dunatetétlen,M03/T030,14766,HU331
Dunavecse,M03/T031,07612,HU331
Dusnok,M03/T032,04109,HU331
Érsekcsanád,M03/T033,11864,HU331
Érsekhalma,M03/T034,33589,HU331
Fajsz,M03/T035,03230,HU331
Felsőlajos,M03/T036,33598,HU331
Felsőszentiván,M03/T037,02954,HU331
Foktő,M03/T038,02149,HU331
Fülöpháza,M03/T039,31468,HU331
Fülöpjakab,M03/T040,33622,HU331
Fülöpszállás,M03/T041,14058,HU331
Gara,M03/T042,31848,HU331
Gátér,M03/T043,26383,HU331
Géderlak,M03/T044,03577,HU331
Hajós,M03/T045,18759,HU331
Harkakötöny,M03/T046,08350,HU331
Harta,M03/T047,18458,HU331
Helvécia,M03/T048,04093,HU331
Hercegszántó,M03/T049,12937,HU331
Homokmégy,M03/T050,27845,HU331
Imrehegy,M03/T051,08095,HU331
Izsák,M03/T052,21999,HU331
Jakabszállás,M03/T053,17923,HU331
Jánoshalma,M03/T054,09469,HU331
Jászszentlászló,M03/T055,08378,HU331
Kalocsa,M03/T056,06442,HU331
Kaskantyú,M03/T057,30605,HU331
Katymár,M03/T058,11280,HU331
Kecel,M03/T059,19789,HU331
Kecskemét,M03/T060,26684,HU331
Kelebia,M03/T061,27571,HU331
Kerekegyháza,M03/T062,22530,HU331
Kéleshalom,M03/T063,18166,HU331
Kiskőrös,M03/T064,09344,HU331
Kiskunfélegyháza,M03/T065,20297,HU331
Kiskunhalas,M03/T066,32434,HU331
Kiskunmajsa,M03/T067,24396,HU331
Kisszállás,M03/T068,28158,HU331
Kömpöc,M03/T069,13806,HU331
Kunadacs,M03/T070,05856,HU331
Kunbaja,M03/T071,06044,HU331
Kunbaracs,M03/T072,07728,HU331
Kunfehértó,M03/T073,29027,HU331
Kunpeszér,M03/T074,31918,HU331
Kunszállás,M03/T075,31893,HU331
Kunszentmiklós,M03/T076,28130,HU331
Ladánybene,M03/T077,05786,HU331
Lajosmizse,M03/T078,17677,HU331
Lakitelek,M03/T079,06202,HU331
Madaras,M03/T080,23357,HU331
Mátételke,M03/T081,27809,HU331
Mélykút,M03/T082,16018,HU331
Miske,M03/T083,30632,HU331
Móricgát,M03/T084,34096,HU331
Nagybaracska,M03/T085,25955,HU331
Nemesnádudvar,M03/T086,32540,HU331
Nyárlőrinc,M03/T087,23056,HU331
Ordas,M03/T088,16276,HU331
Orgovány,M03/T089,16939,HU331
Öregcsertő,M03/T090,08679,HU331
Páhi,M03/T091,18670,HU331
Pálmonostora,M03/T092,02705,HU331
Petőfiszállás,M03/T093,15431,HU331
Pirtó,M03/T094,15398,HU331
Rém,M03/T095,26310,HU331
Solt,M03/T096,29115,HU331
Soltszentimre,M03/T097,18218,HU331
Soltvadkert,M03/T098,19983,HU331
Sükösd,M03/T099,21245,HU331
Szabadszállás,M03/T100,25061,HU331
Szakmár,M03/T101,19530,HU331
Szalkszentmárton,M03/T102,19947,HU331
Szank,M03/T103,11794,HU331
Szentkirály,M03/T104,21120,HU331
Szeremle,M03/T105,28820,HU331
Tabdi,M03/T106,25432,HU331
Tass,M03/T107,20525,HU331
Tataháza,M03/T108,14544,HU331
Tázlár,M03/T109,24998,HU331
Tiszaalpár,M03/T110,24545,HU331
Tiszakécske,M03/T111,30623,HU331
Tiszaug,M03/T112,14094,HU331
Tompa,M03/T113,28486,HU331
Uszód,M03/T114,16294,HU331
Újsolt,M03/T115,08785,HU331
Újtelek,M03/T116,33604,HU331
Vaskút,M03/T117,28343,HU331
Városföld,M03/T118,10667,HU331
Zsana,M03/T119,15158,HU331
Almáskamarás,M04/T001,29595,HU332
Battonya,M04/T002,18102,HU332
Békés,M04/T003,09760,HU332
Békéscsaba,M04/T004,15200,HU332
Békéssámson,M04/T005,26189,HU332
Békésszentandrás,M04/T006,02680,HU332
Bélmegyer,M04/T007,19390,HU332
Biharugra,M04/T008,29610,HU332
Bucsa,M04/T009,13471,HU332
Csabacsűd,M04/T010,31334,HU332
Csabaszabadi,M04/T011,34078,HU332
Csanádapáca,M04/T012,20455,HU332
Csárdaszállás,M04/T013,25502,HU332
Csorvás,M04/T014,26709,HU332
Dévaványa,M04/T015,24819,HU332
Doboz,M04/T016,33190,HU332
Dombegyház,M04/T017,24031,HU332
Dombiratos,M04/T018,22132,HU332
Ecsegfalva,M04/T019,09432,HU332
Elek,M04/T020,32957,HU332
Füzesgyarmat,M04/T021,12256,HU332
Gádoros,M04/T022,09511,HU332
Gerendás,M04/T023,07393,HU332
Geszt,M04/T024,17394,HU332
Gyomaendrőd,M04/T025,33455,HU332
Gyula,M04/T026,05032,HU332
Hunya,M04/T027,33297,HU332
Kamut,M04/T028,04279,HU332
Kardos,M04/T029,24794,HU332
Kardoskút,M04/T030,12177,HU332
Kaszaper,M04/T031,22752,HU332
Kertészsziget,M04/T032,12618,HU332
Kevermes,M04/T033,31574,HU332
Kétegyháza,M04/T034,03461,HU332
Kétsoprony,M04/T035,03106,HU332
Kisdombegyház,M04/T036,18838,HU332
Kondoros,M04/T037,10287,HU332
Körösladány,M04/T038,11615,HU332
Körösnagyharsány,M04/T039,10764,HU332
Köröstarcsa,M04/T040,12900,HU332
Körösújfalu,M04/T041,30164,HU332
Kötegyán,M04/T042,06804,HU332
Kunágota,M04/T043,16045,HU332
Lőkösháza,M04/T044,21209,HU332
Magyarbánhegyes,M04/T045,27906,HU332
Magyardombegyház,M04/T046,11536,HU332
Medgyesbodzás,M04/T047,20765,HU332
Medgyesegyháza,M04/T048,30128,HU332
Mezőberény,M04/T049,19628,HU332
Mezőgyán,M04/T050,04206,HU332
Mezőhegyes,M04/T051,11873,HU332
Mezőkovácsháza,M04/T052,30322,HU332
Méhkerék,M04/T053,23931,HU332
Murony,M04/T054,11989,HU332
Nagybánhegyes,M04/T055,26028,HU332
Nagykamarás,M04/T056,04242,HU332
Nagyszénás,M04/T057,08244,HU332
Okány,M04/T058,19257,HU332
Orosháza,M04/T059,23065,HU332
Örménykút,M04/T060,27438,HU332
Pusztaföldvár,M04/T061,05397,HU332
Pusztaottlaka,M04/T062,19594,HU332
Sarkad,M04/T063,28565,HU332
Sarkadkeresztúr,M04/T064,25168,HU332
Szabadkígyós,M04/T065,31325,HU332
Szarvas,M04/T066,23870,HU332
Szeghalom,M04/T067,21883,HU332
Tarhos,M04/T068,33075,HU332
Telekgerendás,M04/T069,12681,HU332
Tótkomlós,M04/T070,16434,HU332
Újkígyós,M04/T071,02352,HU332
Újszalonta,M04/T072,24350,HU332
Végegyháza,M04/T073,31228,HU332
Vésztő,M04/T074,29531,HU332
Zsadány,M04/T075,06257,HU332
Abaújalpár,M05/T001,15662,HU311
Abaújkér,M05/T002,26718,HU311
Abaújlak,M05/T003,02820,HU311
Abaújszántó,M05/T004,03595,HU311
Abaújszolnok,M05/T005,26338,HU311
Abaújvár,M05/T006,02273,HU311
Abod,M05/T007,10357,HU311
Aggtelek,M05/T008,09362,HU311
Alacska,M05/T009,33093,HU311
Alsóberecki,M05/T010,20482,HU311
Alsódobsza,M05/T011,19664,HU311
Alsógagy,M05/T012,14429,HU311
Alsóregmec,M05/T013,23223,HU311
Alsószuha,M05/T014,28839,HU311
Alsótelekes,M05/T015,08217,HU311
Alsóvadász,M05/T016,29814,HU311
Alsózsolca,M05/T017,21032,HU311
Arka,M05/T018,26198,HU311
Arló,M05/T019,14331,HU311
Arnót,M05/T020,03771,HU311
Aszaló,M05/T021,04233,HU311
Ároktő,M05/T022,03823,HU311
Baktakék,M05/T023,18184,HU311
Balajt,M05/T024,22521,HU311
Baskó,M05/T025,08846,HU311
Bánhorváti,M05/T026,25159,HU311
Bánréve,M05/T027,21953,HU311
Becskeháza,M05/T028,27049,HU311
Bekecs,M05/T029,06929,HU311
Berente,M05/T030,34290,HU311
Beret,M05/T031,29674,HU311
Berzék,M05/T032,26356,HU311
Bodroghalom,M05/T033,23737,HU311
Bodrogkeresztúr,M05/T034,30784,HU311
Bodrogkisfalud,M05/T035,33808,HU311
Bodrogolaszi,M05/T036,14401,HU311
Bogács,M05/T037,25195,HU311
Boldogkőújfalu,M05/T038,18944,HU311
Boldogkőváralja,M05/T039,14474,HU311
Boldva,M05/T040,08396,HU311
Borsodbóta,M05/T041,30669,HU311
Borsodgeszt,M05/T042,16124,HU311
Borsodivánka,M05/T043,06707,HU311
Borsodnádasd,M05/T044,05315,HU311
Borsodszentgyörgy,M05/T045,30207,HU311
Borsodszirák,M05/T046,16799,HU311
Bódvalenke,M05/T047,27429,HU311
Bódvarákó,M05/T048,33303,HU311
Bódvaszilas,M05/T049,05926,HU311
Bózsva,M05/T050,31006,HU311
Bőcs,M05/T051,05306,HU311
Bükkaranyos,M05/T052,27890,HU311
Bükkábrány,M05/T053,13596,HU311
Bükkmogyorósd,M05/T054,19406,HU311
Bükkszentkereszt,M05/T055,08022,HU311
Bükkzsérc,M05/T056,32887,HU311
Büttös,M05/T057,23977,HU311
Cigánd,M05/T058,03939,HU311
Csenyéte,M05/T059,08493,HU311
Cserépfalu,M05/T060,06974,HU311
Cserépváralja,M05/T061,25575,HU311
Csernely,M05/T062,28459,HU311
Csincse,M05/T063,34111,HU311
Csobaj,M05/T064,20774,HU311
Csobád,M05/T065,05333,HU311
Csokvaomány,M05/T066,14289,HU311
Damak,M05/T067,11350,HU311
Dámóc,M05/T068,07719,HU311
Debréte,M05/T069,31954,HU311
Detek,M05/T070,10524,HU311
Dédestapolcsány,M05/T071,04686,HU311
Domaháza,M05/T072,25690,HU311
Dövény,M05/T073,06123,HU311
Dubicsány,M05/T074,27669,HU311
Edelény,M05/T075,10728,HU311
Egerlövő,M05/T076,05865,HU311
Emőd,M05/T077,04677,HU311
Encs,M05/T078,33048,HU311
Erdőbénye,M05/T079,25326,HU311
Erdőhorváti,M05/T080,22503,HU311
Égerszög,M05/T081,13356,HU311
Fancsal,M05/T082,12557,HU311
Farkaslyuk,M05/T083,34272,HU311
Fáj,M05/T084,02741,HU311
Felsőberecki,M05/T085,08174,HU311
Felsődobsza,M05/T086,09742,HU311
Felsőgagy,M05/T087,29708,HU311
Felsőkelecsény,M05/T088,31723,HU311
Felsőnyárád,M05/T089,32762,HU311
Felsőregmec,M05/T090,07588,HU311
Felsőtelekes,M05/T091,31671,HU311
Felsővadász,M05/T092,23533,HU311
Felsőzsolca,M05/T093,02848,HU311
Filkeháza,M05/T094,25238,HU311
Fony,M05/T095,17932,HU311
Forró,M05/T096,30483,HU311
Fulókércs,M05/T097,22123,HU311
Füzér,M05/T098,17109,HU311
Füzérkajata,M05/T099,06460,HU311
Füzérkomlós,M05/T100,11378,HU311
Füzérradvány,M05/T101,10366,HU311
Gadna,M05/T102,05494,HU311
Gagyapáti,M05/T103,28732,HU311
Gagybátor,M05/T104,28307,HU311
Gagyvendégi,M05/T105,03744,HU311
Galvács,M05/T106,19293,HU311
Garadna,M05/T107,10904,HU311
Gelej,M05/T108,23719,HU311
Gesztely,M05/T109,15608,HU311
Girincs,M05/T110,21564,HU311
Golop,M05/T111,13134,HU311
Gömörszőlős,M05/T112,09706,HU311
Gönc,M05/T113,15936,HU311
Göncruszka,M05/T114,18643,HU311
Györgytarló,M05/T115,05069,HU311
Halmaj,M05/T116,27942,HU311
Hangács,M05/T117,11226,HU311
Hangony,M05/T118,25104,HU311
Harsány,M05/T119,05847,HU311
Háromhuta,M05/T120,12706,HU311
Hegymeg,M05/T121,02468,HU311
Hejce,M05/T122,22187,HU311
Hejőbába,M05/T123,06655,HU311
Hejőkeresztúr,M05/T124,04604,HU311
Hejőkürt,M05/T125,02282,HU311
Hejőpapi,M05/T126,16780,HU311
Hejőszalonta,M05/T127,12159,HU311
Hercegkút,M05/T128,30137,HU311
Hernádbűd,M05/T129,15839,HU311
Hernádcéce,M05/T130,09399,HU311
Hernádkak,M05/T131,24165,HU311
Hernádkércs,M05/T132,21829,HU311
Hernádnémeti,M05/T133,31200,HU311
Hernádpetri,M05/T134,24882,HU311
Hernádszentandrás,M05/T135,17136,HU311
Hernádszurdok,M05/T136,24970,HU311
Hernádvécse,M05/T137,19840,HU311
Hét,M05/T138,08004,HU311
Hidasnémeti,M05/T139,11697,HU311
Hidvégardó,M05/T140,25672,HU311
Hollóháza,M05/T141,31167,HU311
Homrogd,M05/T142,21236,HU311
Igrici,M05/T143,25399,HU311
Imola,M05/T144,16577,HU311
Ináncs,M05/T145,08086,HU311
Irota,M05/T146,05005,HU311
Izsófalva,M05/T147,05591,HU311
Jákfalva,M05/T148,20233,HU311
Járdánháza,M05/T149,26657,HU311
Jósvafő,M05/T150,15680,HU311
Karcsa,M05/T151,21218,HU311
Karos,M05/T152,30508,HU311
Kazincbarcika,M05/T153,06691,HU311
Kács,M05/T154,32993,HU311
Kánó,M05/T155,07764,HU311
Kány,M05/T156,25742,HU311
Kázsmárk,M05/T157,13374,HU311
Kelemér,M05/T158,12034,HU311
Kenézlő,M05/T159,05458,HU311
Keresztéte,M05/T160,17066,HU311
Kesznyéten,M05/T161,29249,HU311
Kéked,M05/T162,15264,HU311
Királd,M05/T163,32090,HU311
Kiscsécs,M05/T164,17349,HU311
Kisgyőr,M05/T165,22840,HU311
Kishuta,M05/T166,28875,HU311
Kiskinizs,M05/T167,03762,HU311
Kisrozvágy,M05/T168,11448,HU311
Kissikátor,M05/T169,14702,HU311
Kistokaj,M05/T170,12399,HU311
Komjáti,M05/T171,10612,HU311
Komlóska,M05/T172,16559,HU311
Kondó,M05/T173,32498,HU311
Korlát,M05/T174,22956,HU311
Kovácsvágás,M05/T175,28547,HU311
Köröm,M05/T176,26602,HU311
Krasznokvajda,M05/T177,19576,HU311
Kupa,M05/T178,18722,HU311
Kurityán,M05/T179,11819,HU311
Lak,M05/T180,15857,HU311
Lácacséke,M05/T181,20844,HU311
Ládbesenyő,M05/T182,26231,HU311
Legyesbénye,M05/T183,11660,HU311
Léh,M05/T184,03531,HU311
Lénárddaróc,M05/T185,07038,HU311
Litka,M05/T186,28219,HU311
Makkoshotyka,M05/T187,19600,HU311
Martonyi,M05/T188,02024,HU311
Mád,M05/T189,03902,HU311
Mályi,M05/T190,27395,HU311
Mályinka,M05/T191,14915,HU311
Megyaszó,M05/T192,21768,HU311
Meszes,M05/T193,11758,HU311
Mezőcsát,M05/T194,13833,HU311
Mezőkeresztes,M05/T195,11323,HU311
Mezőkövesd,M05/T196,19433,HU311
Mezőnagymihály,M05/T197,18379,HU311
Mezőnyárád,M05/T198,11749,HU311
Mezőzombor,M05/T199,03443,HU311
Méra,M05/T200,25618,HU311
Mikóháza,M05/T201,24253,HU311
Miskolc,M05/T202,30456,HU311
Mogyoróska,M05/T203,10968,HU311
Monaj,M05/T204,09016,HU311
Monok,M05/T205,07825,HU311
Muhi,M05/T206,02158,HU311
Múcsony,M05/T207,21546,HU311
Nagybarca,M05/T208,29188,HU311
Nagycsécs,M05/T209,05582,HU311
Nagyhuta,M05/T210,15468,HU311
Nagykinizs,M05/T211,26505,HU311
Nagyrozvágy,M05/T212,33181,HU311
Nekézseny,M05/T213,28033,HU311
Nemesbikk,M05/T214,05245,HU311
Négyes,M05/T215,24156,HU311
Novajidrány,M05/T216,27191,HU311
Nyékládháza,M05/T217,12885,HU311
Nyésta,M05/T218,04419,HU311
Nyíri,M05/T219,26435,HU311
Nyomár,M05/T220,04215,HU311
Olaszliszka,M05/T221,31778,HU311
Onga,M05/T222,22558,HU311
Ormosbánya,M05/T223,34069,HU311
Oszlár,M05/T224,02866,HU311
Ónod,M05/T225,22628,HU311
Ózd,M05/T226,14492,HU311
Pamlény,M05/T227,12371,HU311
Parasznya,M05/T228,26745,HU311
Pácin,M05/T229,15893,HU311
Pálháza,M05/T230,12362,HU311
Pányok,M05/T231,24730,HU311
Pere,M05/T232,24420,HU311
Perecse,M05/T233,32683,HU311
Perkupa,M05/T234,33419,HU311
Prügy,M05/T235,21272,HU311
Pusztafalu,M05/T236,17048,HU311
Pusztaradvány,M05/T237,15413,HU311
Putnok,M05/T238,27410,HU311
Radostyán,M05/T239,21193,HU311
Ragály,M05/T240,06053,HU311
Rakaca,M05/T241,29717,HU311
Rakacaszend,M05/T242,16133,HU311
Rásonysápberencs,M05/T243,31909,HU311
Rátka,M05/T244,12469,HU311
Regéc,M05/T245,08402,HU311
Répáshuta,M05/T246,31884,HU311
Révleányvár,M05/T247,09317,HU311
Ricse,M05/T248,19220,HU311
Rudabánya,M05/T249,23029,HU311
Rudolftelep,M05/T250,34120,HU311
Sajóbábony,M05/T251,03504,HU311
Sajóecseg,M05/T252,27331,HU311
Sajógalgóc,M05/T253,10171,HU311
Sajóhídvég,M05/T254,03081,HU311
Sajóivánka,M05/T255,03212,HU311
Sajókaza,M05/T256,14313,HU311
Sajókápolna,M05/T257,21670,HU311
Sajókeresztúr,M05/T258,26949,HU311
Sajólád,M05/T259,27173,HU311
Sajólászlófalva,M05/T260,22479,HU311
Sajómercse,M05/T261,15945,HU311
Sajónémeti,M05/T262,11332,HU311
Sajóörös,M05/T263,08129,HU311
Sajópálfala,M05/T264,18537,HU311
Sajópetri,M05/T265,16638,HU311
Sajópüspöki,M05/T266,23782,HU311
Sajósenye,M05/T267,08970,HU311
Sajószentpéter,M05/T268,16054,HU311
Sajószöged,M05/T269,30340,HU311
Sajóvámos,M05/T270,20738,HU311
Sajóvelezd,M05/T271,27757,HU311
Sály,M05/T272,04729,HU311
Sárazsadány,M05/T273,20516,HU311
Sárospatak,M05/T274,27474,HU311
Sáta,M05/T275,02875,HU311
Sátoraljaújhely,M05/T276,05120,HU311
Selyeb,M05/T277,25380,HU311
Semjén,M05/T278,23755,HU311
Serényfalva,M05/T279,32531,HU311
Sima,M05/T280,23418,HU311
Sóstófalva,M05/T281,13268,HU311
Szakácsi,M05/T282,32258,HU311
Szakáld,M05/T283,03805,HU311
Szalaszend,M05/T284,31015,HU311
Szalonna,M05/T285,16753,HU311
Szászfa,M05/T286,08147,HU311
Szegi,M05/T287,33817,HU311
Szegilong,M05/T288,31510,HU311
Szemere,M05/T289,09830,HU311
Szendrő,M05/T290,08077,HU311
Szendrőlád,M05/T291,27456,HU311
Szentistván,M05/T292,22169,HU311
Szentistvánbaksa,M05/T293,08484,HU311
Szerencs,M05/T294,30739,HU311
Szikszó,M05/T295,21351,HU311
Szin,M05/T296,20871,HU311
Szinpetri,M05/T297,11493,HU311
Szirmabesenyő,M05/T298,09496,HU311
Szomolya,M05/T299,18892,HU311
Szögliget,M05/T300,16179,HU311
Szőlősardó,M05/T301,07889,HU311
Szuhafő,M05/T302,03160,HU311
Szuhakálló,M05/T303,11110,HU311
Szuhogy,M05/T304,24606,HU311
Taktabáj,M05/T305,03708,HU311
Taktaharkány,M05/T306,18245,HU311
Taktakenéz,M05/T307,28787,HU311
Taktaszada,M05/T308,03133,HU311
Tarcal,M05/T309,21740,HU311
Tard,M05/T310,08165,HU311
Tardona,M05/T311,14784,HU311
Tállya,M05/T312,12210,HU311
Telkibánya,M05/T313,13763,HU311
Teresztenye,M05/T314,28635,HU311
Tibolddaróc,M05/T315,30447,HU311
Tiszabábolna,M05/T316,02291,HU311
Tiszacsermely,M05/T317,29133,HU311
Tiszadorogma,M05/T318,03717,HU311
Tiszakarád,M05/T319,13976,HU311
Tiszakeszi,M05/T320,13888,HU311
Tiszaladány,M05/T321,19381,HU311
Tiszalúc,M05/T322,28398,HU311
Tiszapalkonya,M05/T323,08633,HU311
Tiszatardos,M05/T324,30298,HU311
Tiszatarján,M05/T325,30377,HU311
Tiszaújváros,M05/T326,28352,HU311
Tiszavalk,M05/T327,10977,HU311
Tokaj,M05/T328,18306,HU311
Tolcsva,M05/T329,28051,HU311
Tomor,M05/T330,14890,HU311
Tornabarakony,M05/T331,16902,HU311
Tornakápolna,M05/T332,10375,HU311
Tornanádaska,M05/T333,18801,HU311
Tornaszentandrás,M05/T334,27836,HU311
Tornaszentjakab,M05/T335,30517,HU311
Tornyosnémeti,M05/T336,29054,HU311
Trizs,M05/T337,04914,HU311
Uppony,M05/T338,18351,HU311
Újcsanálos,M05/T339,12487,HU311
Vadna,M05/T340,07223,HU311
Vajdácska,M05/T341,30003,HU311
Varbó,M05/T342,21810,HU311
Varbóc,M05/T343,10144,HU311
Vatta,M05/T344,30076,HU311
Vágáshuta,M05/T345,29151,HU311
Vámosújfalu,M05/T346,15149,HU311
Vilmány,M05/T347,11581,HU311
Vilyvitány,M05/T348,12982,HU311
Viss,M05/T349,05096,HU311
Viszló,M05/T350,03957,HU311
Vizsoly,M05/T351,21087,HU311
Zalkod,M05/T352,15617,HU311
Zádorfalva,M05/T353,03063,HU311
Zemplénagárd,M05/T354,31608,HU311
Ziliz,M05/T355,19275,HU311
Zsujta,M05/T356,11022,HU311
Zubogy,M05/T357,19105,HU311
Gibárt,M05/T358,20969,HU311
Algyő,M06/T001,34245,HU333
Ambrózfalva,M06/T002,16197,HU333
Apátfalva,M06/T003,14252,HU333
Árpádhalom,M06/T004,19062,HU333
Ásotthalom,M06/T005,10339,HU333
Baks,M06/T006,29106,HU333
Balástya,M06/T007,23676,HU333
Bordány,M06/T008,08192,HU333
Csanádalberti,M06/T009,02121,HU333
Csanádpalota,M06/T010,05379,HU333
Csanytelek,M06/T011,22293,HU333
Csengele,M06/T012,32285,HU333
Csongrád,M06/T013,05111,HU333
Derekegyház,M06/T014,07834,HU333
Deszk,M06/T015,24077,HU333
Domaszék,M06/T016,13383,HU333
Dóc,M06/T017,30535,HU333
Eperjes,M06/T018,22992,HU333
Fábiánsebestyén,M06/T019,19974,HU333
Felgyő,M06/T020,22646,HU333
Ferencszállás,M06/T021,18999,HU333
Forráskút,M06/T022,33020,HU333
Földeák,M06/T023,09210,HU333
Hódmezővásárhely,M06/T024,08314,HU333
Királyhegyes,M06/T025,13666,HU333
Kistelek,M06/T026,31024,HU333
Kiszombor,M06/T027,26666,HU333
Klárafalva,M06/T028,08253,HU333
Kövegy,M06/T029,09955,HU333
Kübekháza,M06/T030,14410,HU333
Magyarcsanád,M06/T031,05962,HU333
Makó,M06/T032,07357,HU333
Maroslele,M06/T033,10515,HU333
Mártély,M06/T034,25733,HU333
Mindszent,M06/T035,21555,HU333
Mórahalom,M06/T036,04349,HU333
Nagyér,M06/T037,20914,HU333
Nagylak,M06/T038,12779,HU333
Nagymágocs,M06/T039,17233,HU333
Nagytőke,M06/T040,29179,HU333
Óföldeák,M06/T041,07755,HU333
Ópusztaszer,M06/T042,12797,HU333
Öttömös,M06/T043,31079,HU333
Pitvaros,M06/T044,06284,HU333
Pusztamérges,M06/T045,06354,HU333
Pusztaszer,M06/T046,28592,HU333
Röszke,M06/T047,13161,HU333
Ruzsa,M06/T048,03966,HU333
Sándorfalva,M06/T049,31705,HU333
Szatymaz,M06/T050,12007,HU333
Szeged,M06/T051,33367,HU333
Szegvár,M06/T052,32489,HU333
Szentes,M06/T053,14456,HU333
Székkutas,M06/T054,12265,HU333
Tiszasziget,M06/T055,16966,HU333
Tömörkény,M06/T056,25900,HU333
Újszentiván,M06/T057,14924,HU333
Üllés,M06/T058,21412,HU333
Zákányszék,M06/T059,05546,HU333
Zsombó,M06/T060,17765,HU333
Aba,M07/T001,17376,HU211
Adony,M07/T002,08925,HU211
Alap,M07/T003,26824,HU211
Alcsútdoboz,M07/T004,15176,HU211
Alsószentiván,M07/T005,25283,HU211
Bakonycsernye,M07/T006,08730,HU211
Bakonykúti,M07/T007,23153,HU211
Balinka,M07/T008,31103,HU211
Baracs,M07/T009,07047,HU211
Baracska,M07/T010,08581,HU211
Beloiannisz,M07/T011,08466,HU211
Besnyő,M07/T012,16346,HU211
Bicske,M07/T013,10481,HU211
Bodajk,M07/T014,18254,HU211
Bodmér,M07/T015,11624,HU211
Cece,M07/T016,13152,HU211
Csabdi,M07/T017,30544,HU211
Csákberény,M07/T018,05360,HU211
Csákvár,M07/T019,20002,HU211
Csókakő,M07/T020,21908,HU211
Csór,M07/T021,09779,HU211
Csősz,M07/T022,06734,HU211
Dég,M07/T023,32753,HU211
Dunaújváros,M07/T024,03115,HU211
Előszállás,M07/T025,20358,HU211
Enying,M07/T026,02802,HU211
Ercsi,M07/T027,23603,HU211
Etyek,M07/T028,02316,HU211
Fehérvárcsurgó,M07/T029,32203,HU211
Felcsút,M07/T030,29939,HU211
Füle,M07/T031,06114,HU211
Gánt,M07/T032,15750,HU211
Gárdony,M07/T033,10296,HU211
Gyúró,M07/T034,15918,HU211
Hantos,M07/T035,23427,HU211
Igar,M07/T036,17738,HU211
Iszkaszentgyörgy,M07/T037,32018,HU211
Isztimér,M07/T038,02200,HU211
Iváncsa,M07/T039,13462,HU211
Jenő,M07/T040,15972,HU211
Kajászó,M07/T041,21342,HU211
Káloz,M07/T042,16683,HU211
Kápolnásnyék,M07/T043,21926,HU211
Kincsesbánya,M07/T044,02343,HU211
Kisapostag,M07/T045,12636,HU211
Kisláng,M07/T046,28990,HU211
Kőszárhegy,M07/T047,30650,HU211
Kulcs,M07/T048,34209,HU211
Lajoskomárom,M07/T049,07506,HU211
Lepsény,M07/T050,07269,HU211
Lovasberény,M07/T051,19114,HU211
Magyaralmás,M07/T052,27678,HU211
Martonvásár,M07/T053,04659,HU211
Mány,M07/T054,23490,HU211
Mátyásdomb,M07/T055,16948,HU211
Mezőfalva,M07/T056,17552,HU211
Mezőkomárom,M07/T057,05689,HU211
Mezőszentgyörgy,M07/T058,06576,HU211
Mezőszilas,M07/T059,29036,HU211
Moha,M07/T060,25715,HU211
Mór,M07/T061,18485,HU211
Nadap,M07/T062,27599,HU211
Nagykarácsony,M07/T063,07001,HU211
Nagylók,M07/T064,32364,HU211
Nagyveleg,M07/T065,23588,HU211
Nagyvenyim,M07/T066,26134,HU211
Nádasdladány,M07/T067,13903,HU211
Óbarok,M07/T068,34306,HU211
Pákozd,M07/T069,25751,HU211
Pátka,M07/T070,28848,HU211
Pázmánd,M07/T071,21786,HU211
Perkáta,M07/T072,19354,HU211
Polgárdi,M07/T073,17525,HU211
Pusztaszabolcs,M07/T074,29018,HU211
Pusztavám,M07/T075,17774,HU211
Rácalmás,M07/T076,09900,HU211
Ráckeresztúr,M07/T077,02015,HU211
Sárbogárd,M07/T078,23694,HU211
Sáregres,M07/T079,02723,HU211
Sárkeresztes,M07/T080,31802,HU211
Sárkeresztúr,M07/T081,25344,HU211
Sárkeszi,M07/T082,02699,HU211
Sárosd,M07/T083,25140,HU211
Sárszentágota,M07/T084,31538,HU211
Sárszentmihály,M07/T085,11776,HU211
Seregélyes,M07/T086,20206,HU211
Soponya,M07/T087,33321,HU211
Söréd,M07/T088,02893,HU211
Sukoró,M07/T089,14951,HU211
Szabadbattyán,M07/T090,28705,HU211
Szabadegyháza,M07/T091,13259,HU211
Szabadhídvég,M07/T092,18740,HU211
Szár,M07/T093,19549,HU211
Székesfehérvár,M07/T094,14827,HU211
Tabajd,M07/T095,14465,HU211
Tác,M07/T096,29267,HU211
Tordas,M07/T097,21005,HU211
Újbarok,M07/T098,17482,HU211
Úrhida,M07/T099,17622,HU211
Vajta,M07/T100,02459,HU211
Vál,M07/T101,05829,HU211
Velence,M07/T102,25016,HU211
Vereb,M07/T103,03498,HU211
Vértesacsa,M07/T104,02750,HU211
Vértesboglár,M07/T105,13897,HU211
Zámoly,M07/T106,30243,HU211
Zichyújfalu,M07/T107,34263,HU211
Daruszentmiklós,M07/T108,34342,HU211
Abda,M08/T001,11882,HU221
Acsalag,M08/T002,33385,HU221
Agyagosszergény,M08/T003,29407,HU221
Ágfalva,M08/T004,04880,HU221
Árpás,M08/T005,32249,HU221
Ásványráró,M08/T006,26921,HU221
Babót,M08/T007,15042,HU221
Bakonygyirót,M08/T008,28936,HU221
Bakonypéterd,M08/T009,22062,HU221
Bakonyszentlászló,M08/T010,05944,HU221
Barbacs,M08/T011,06196,HU221
Bágyogszovát,M08/T012,28769,HU221
Beled,M08/T013,10588,HU221
Bezenye,M08/T014,29805,HU221
Bezi,M08/T015,10560,HU221
Bodonhely,M08/T016,06220,HU221
Bogyoszló,M08/T017,04367,HU221
Börcs,M08/T018,06619,HU221
Bőny,M08/T019,33950,HU221
Bősárkány,M08/T020,15501,HU221
Cakóháza,M08/T021,27085,HU221
Cirák,M08/T022,15954,HU221
Csapod,M08/T023,08563,HU221
Csáfordjánosfa,M08/T024,10047,HU221
Csér,M08/T025,30191,HU221
Csikvánd,M08/T026,13505,HU221
Csorna,M08/T027,04039,HU221
Darnózseli,M08/T028,21865,HU221
Dénesfa,M08/T029,32595,HU221
Dör,M08/T030,21917,HU221
Dunakiliti,M08/T031,27739,HU221
Dunaremete,M08/T032,02079,HU221
Dunaszeg,M08/T033,21078,HU221
Dunaszentpál,M08/T034,15875,HU221
Dunasziget,M08/T035,10454,HU221
Ebergőc,M08/T036,26347,HU221
Edve,M08/T037,22442,HU221
Egyed,M08/T038,20288,HU221
Egyházasfalu,M08/T039,15237,HU221
Enese,M08/T040,15033,HU221
Écs,M08/T041,16708,HU221
Farád,M08/T042,33996,HU221
Fehértó,M08/T043,06956,HU221
Feketeerdő,M08/T044,32717,HU221
Felpéc,M08/T045,33251,HU221
Fenyőfő,M08/T046,30678,HU221
Fertőboz,M08/T047,11253,HU221
Fertőd,M08/T048,09885,HU221
Fertőendréd,M08/T049,09487,HU221
Fertőhomok,M08/T050,10658,HU221
Fertőrákos,M08/T051,12414,HU221
Fertőszentmiklós,M08/T052,15343,HU221
Fertőszéplak,M08/T053,31440,HU221
Gönyű,M08/T054,02060,HU221
Gyalóka,M08/T055,17969,HU221
Gyarmat,M08/T056,26860,HU221
Gyóró,M08/T057,23843,HU221
Gyömöre,M08/T058,20400,HU221
Győr,M08/T059,25584,HU221
Győrasszonyfa,M08/T060,08721,HU221
Győrladamér,M08/T061,13198,HU221
Győrság,M08/T062,31316,HU221
Győrsövényház,M08/T063,19309,HU221
Győrszemere,M08/T064,15653,HU221
Győrújbarát,M08/T065,07481,HU221
Győrújfalu,M08/T066,31787,HU221
Győrzámoly,M08/T067,15228,HU221
Halászi,M08/T068,26790,HU221
Harka,M08/T069,07649,HU221
Hegyeshalom,M08/T070,17905,HU221
Hegykő,M08/T071,18403,HU221
Hédervár,M08/T072,12308,HU221
Hidegség,M08/T073,23375,HU221
Himod,M08/T074,04020,HU221
Hövej,M08/T075,10029,HU221
Ikrény,M08/T076,20604,HU221
Iván,M08/T077,31635,HU221
Jánossomorja,M08/T078,29221,HU221
Jobaháza,M08/T079,06646,HU221
Kajárpéc,M08/T080,12113,HU221
Kapuvár,M08/T081,28334,HU221
Kimle,M08/T082,14748,HU221
Kisbabot,M08/T083,02413,HU221
Kisbajcs,M08/T084,22886,HU221
Kisbodak,M08/T085,07816,HU221
Kisfalud,M08/T086,33695,HU221
Koroncó,M08/T087,24633,HU221
Kóny,M08/T088,11262,HU221
Kópháza,M08/T089,06895,HU221
Kunsziget,M08/T090,31626,HU221
Lázi,M08/T091,04376,HU221
Levél,M08/T092,19239,HU221
Lébény,M08/T093,33668,HU221
Lipót,M08/T094,16221,HU221
Lövő,M08/T095,31194,HU221
Maglóca,M08/T096,26444,HU221
Magyarkeresztúr,M08/T097,13912,HU221
Markotabödöge,M08/T098,06770,HU221
Máriakálnok,M08/T099,12283,HU221
Mecsér,M08/T100,27359,HU221
Mezőörs,M08/T101,12812,HU221
Mérges,M08/T102,20385,HU221
Mihályi,M08/T103,21980,HU221
Mosonmagyaróvár,M08/T104,04783,HU221
Mosonszentmiklós,M08/T105,33677,HU221
Mosonszolnok,M08/T106,28149,HU221
Mórichida,M08/T107,02556,HU221
Nagybajcs,M08/T108,02361,HU221
Nagycenk,M08/T109,02495,HU221
Nagylózs,M08/T110,32939,HU221
Nagyszentjános,M08/T111,33543,HU221
Nemeskér,M08/T112,29328,HU221
Nyalka,M08/T113,19752,HU221
Nyúl,M08/T114,12955,HU221
Osli,M08/T115,15121,HU221
Öttevény,M08/T116,02635,HU221
Pannonhalma,M08/T117,24305,HU221
Páli,M08/T118,19637,HU221
Pásztori,M08/T119,23481,HU221
Pázmándfalu,M08/T120,12715,HU221
Pereszteg,M08/T121,23773,HU221
Petőháza,M08/T122,22831,HU221
Pér,M08/T123,15529,HU221
Pinnye,M08/T124,14687,HU221
Potyond,M08/T125,27304,HU221
Pusztacsalád,M08/T126,31370,HU221
Püski,M08/T127,12964,HU221
Rajka,M08/T128,26587,HU221
Ravazd,M08/T129,21801,HU221
Rábacsanak,M08/T130,04792,HU221
Rábacsécsény,M08/T131,33701,HU221
Rábakecöl,M08/T132,14793,HU221
Rábapatona,M08/T133,25335,HU221
Rábapordány,M08/T134,24721,HU221
Rábasebes,M08/T135,20136,HU221
Rábaszentandrás,M08/T136,15273,HU221
Rábaszentmihály,M08/T137,33710,HU221
Rábaszentmiklós,M08/T138,17297,HU221
Rábatamási,M08/T139,15422,HU221
Rábcakapi,M08/T140,03753,HU221
Répceszemere,M08/T141,14438,HU221
Répcevis,M08/T142,07746,HU221
Rétalap,M08/T143,33969,HU221
Románd,M08/T144,17507,HU221
Röjtökmuzsaj,M08/T145,11068,HU221
Sarród,M08/T146,30021,HU221
Sikátor,M08/T147,08606,HU221
Sobor,M08/T148,24208,HU221
Sokorópátka,M08/T149,12627,HU221
Sopron,M08/T150,08518,HU221
Sopronhorpács,M08/T151,29090,HU221
Sopronkövesd,M08/T152,25724,HU221
Sopronnémeti,M08/T153,02617,HU221
Szakony,M08/T154,11369,HU221
Szany,M08/T155,08536,HU221
Szárföld,M08/T156,15714,HU221
Szerecseny,M08/T157,03887,HU221
Szil,M08/T158,19266,HU221
Szilsárkány,M08/T159,03364,HU221
Tarjánpuszta,M08/T160,33914,HU221
Táp,M08/T161,14261,HU221
Tápszentmiklós,M08/T162,21971,HU221
Tárnokréti,M08/T163,04172,HU221
Tényő,M08/T164,11457,HU221
Tét,M08/T165,19035,HU221
Töltéstava,M08/T166,16674,HU221
Und,M08/T167,20792,HU221
Újkér,M08/T168,19673,HU221
Újrónafő,M08/T169,31839,HU221
Vadosfa,M08/T170,06239,HU221
Vág,M08/T171,02237,HU221
Vámosszabadi,M08/T172,12405,HU221
Várbalog,M08/T173,18412,HU221
Vásárosfalu,M08/T174,17880,HU221
Veszkény,M08/T175,04589,HU221
Veszprémvarsány,M08/T176,22691,HU221
Vének,M08/T177,05014,HU221
Vitnyéd,M08/T178,25797,HU221
Völcsej,M08/T179,16319,HU221
Zsebeháza,M08/T180,16869,HU221
Zsira,M08/T181,04622,HU221
Károlyháza,M08/T182,34351,HU221
Mosonudvar,M08/T183,34412,HU221
Álmosd,M09/T001,27641,HU321
Ártánd,M09/T002,03319,HU321
Bagamér,M09/T003,20011,HU321
Bakonszeg,M09/T004,15167,HU321
Balmazújváros,M09/T005,02918,HU321
Báránd,M09/T006,26693,HU321
Bedő,M09/T007,33446,HU321
Berekböszörmény,M09/T008,18467,HU321
Berettyóújfalu,M09/T009,12788,HU321
Bihardancsháza,M09/T010,25256,HU321
Biharkeresztes,M09/T011,19956,HU321
Biharnagybajom,M09/T012,24828,HU321
Bihartorda,M09/T013,29887,HU321
Bocskaikert,M09/T014,34102,HU321
Bojt,M09/T015,14137,HU321
Csökmő,M09/T016,12450,HU321
Darvas,M09/T017,14678,HU321
Debrecen,M09/T018,15130,HU321
Derecske,M09/T019,05573,HU321
Ebes,M09/T020,14614,HU321
Egyek,M09/T021,15741,HU321
Esztár,M09/T022,25469,HU321
Folyás,M09/T023,34014,HU321
Földes,M09/T024,03258,HU321
Furta,M09/T025,16993,HU321
Fülöp,M09/T026,22150,HU321
Gáborján,M09/T027,18175,HU321
Görbeháza,M09/T028,16568,HU321
Hajdúbagos,M09/T029,26170,HU321
Hajdúböszörmény,M09/T030,03045,HU321
Hajdúdorog,M09/T031,12803,HU321
Hajdúhadház,M09/T032,10393,HU321
Hajdúnánás,M09/T033,22406,HU321
Hajdúsámson,M09/T034,31097,HU321
Hajdúszoboszló,M09/T035,05175,HU321
Hajdúszovát,M09/T036,17473,HU321
Hencida,M09/T037,29391,HU321
Hortobágy,M09/T038,04118,HU321
Hosszúpályi,M09/T039,06266,HU321
Kaba,M09/T040,02307,HU321
Kismarja,M09/T041,15477,HU321
Kokad,M09/T042,17455,HU321
Komádi,M09/T043,02167,HU321
Konyár,M09/T044,25964,HU321
Körösszakál,M09/T045,31130,HU321
Körösszegapáti,M09/T046,08943,HU321
Létavértes,M09/T047,05768,HU321
Magyarhomorog,M09/T048,03683,HU321
Mezőpeterd,M09/T049,31033,HU321
Mezősas,M09/T050,18847,HU321
Mikepércs,M09/T051,24217,HU321
Monostorpályi,M09/T052,25894,HU321
Nagyhegyes,M09/T053,09478,HU321
Nagykereki,M09/T054,08907,HU321
Nagyrábé,M09/T055,06309,HU321
Nádudvar,M09/T056,28103,HU321
Nyíracsád,M09/T057,14003,HU321
Nyíradony,M09/T058,06187,HU321
Nyírábrány,M09/T059,32294,HU321
Nyírmártonfalva,M09/T060,32382,HU321
Pocsaj,M09/T061,11837,HU321
Polgár,M09/T062,23117,HU321
Püspökladány,M09/T063,10162,HU321
Sáp,M09/T064,26116,HU321
Sáránd,M09/T065,25007,HU321
Sárrétudvari,M09/T066,23940,HU321
Szentpéterszeg,M09/T067,19099,HU321
Szerep,M09/T068,33437,HU321
Tetétlen,M09/T069,19691,HU321
Téglás,M09/T070,23214,HU321
Tépe,M09/T071,31042,HU321
Tiszacsege,M09/T072,15644,HU321
Tiszagyulaháza,M09/T073,30845,HU321
Told,M09/T074,25876,HU321
Újiráz,M09/T075,23393,HU321
Újléta,M09/T076,20419,HU321
Újszentmargita,M09/T077,32568,HU321
Újtikos,M09/T078,11925,HU321
Vámospércs,M09/T079,08989,HU321
Váncsod,M09/T080,16762,HU321
Vekerd,M09/T081,11138,HU321
Zsáka,M09/T082,04817,HU321
Abasár,M10/T001,24554,HU312
Adács,M10/T002,23241,HU312
Aldebrő,M10/T003,06345,HU312
Andornaktálya,M10/T004,17987,HU312
Apc,M10/T005,07241,HU312
Atkár,M10/T006,16090,HU312
Átány,M10/T007,06503,HU312
Balaton,M10/T008,11527,HU312
Bátor,M10/T009,24022,HU312
Bekölce,M10/T010,04400,HU312
Besenyőtelek,M10/T011,27517,HU312
Bélapátfalva,M10/T012,33260,HU312
Boconád,M10/T013,22354,HU312
Bodony,M10/T014,14933,HU312
Boldog,M10/T015,03452,HU312
Bükkszenterzsébet,M10/T016,10621,HU312
Bükkszentmárton,M10/T017,22099,HU312
Bükkszék,M10/T018,02963,HU312
Csány,M10/T019,16841,HU312
Demjén,M10/T020,08660,HU312
Detk,M10/T021,09201,HU312
Domoszló,M10/T022,07515,HU312
Dormánd,M10/T023,30261,HU312
Ecséd,M10/T024,17181,HU312
Eger,M10/T025,20491,HU312
Egerbakta,M10/T026,12821,HU312
Egerbocs,M10/T027,26019,HU312
Egercsehi,M10/T028,16610,HU312
Egerfarmos,M10/T029,02981,HU312
Egerszalók,M10/T030,24758,HU312
Egerszólát,M10/T031,13648,HU312
Erdőkövesd,M10/T032,28556,HU312
Erdőtelek,M10/T033,24235,HU312
Erk,M10/T034,20118,HU312
Fedémes,M10/T035,12432,HU312
Feldebrő,M10/T036,20747,HU312
Felsőtárkány,M10/T037,16328,HU312
Füzesabony,M10/T038,03276,HU312
Gyöngyös,M10/T039,05236,HU312
Gyöngyöshalász,M10/T040,17534,HU312
Gyöngyösoroszi,M10/T041,13338,HU312
Gyöngyöspata,M10/T042,08323,HU312
Gyöngyössolymos,M10/T043,19123,HU312
Gyöngyöstarján,M10/T044,28088,HU312
Halmajugra,M10/T045,11411,HU312
Hatvan,M10/T046,22309,HU312
Heréd,M10/T047,20242,HU312
Heves,M10/T048,14526,HU312
Hevesaranyos,M10/T049,10241,HU312
Hevesvezekény,M10/T050,04084,HU312
Hort,M10/T051,04145,HU312
Istenmezeje,M10/T052,10074,HU312
Ivád,M10/T053,13879,HU312
Karácsond,M10/T054,05935,HU312
Kál,M10/T055,32179,HU312
Kápolna,M10/T056,15307,HU312
Kerecsend,M10/T057,28079,HU312
Kisfüzes,M10/T058,22460,HU312
Kisköre,M10/T059,18281,HU312
Kisnána,M10/T060,12502,HU312
Kompolt,M10/T061,23995,HU312
Kömlő,M10/T062,14535,HU312
Lőrinci,M10/T063,30401,HU312
Ludas,M10/T064,15796,HU312
Maklár,M10/T065,27696,HU312
Markaz,M10/T066,16540,HU312
Mátraballa,M10/T067,19965,HU312
Mátraderecske,M10/T068,14872,HU312
Mátraszentimre,M10/T069,29045,HU312
Mezőszemere,M10/T070,25089,HU312
Mezőtárkány,M10/T071,31662,HU312
Mikófalva,M10/T072,31282,HU312
Mónosbél,M10/T073,31565,HU312
Nagyfüged,M10/T074,26879,HU312
Nagykökényes,M10/T075,24943,HU312
Nagyréde,M10/T076,31486,HU312
Nagytálya,M10/T077,27605,HU312
Nagyút,M10/T078,10418,HU312
Nagyvisnyó,M10/T079,28282,HU312
Noszvaj,M10/T080,18810,HU312
Novaj,M10/T081,29276,HU312
Ostoros,M10/T082,27216,HU312
Parád,M10/T083,07436,HU312
Parádsasvár,M10/T084,20215,HU312
Petőfibánya,M10/T085,33686,HU312
Pély,M10/T086,19567,HU312
Pétervására,M10/T087,12070,HU312
Poroszló,M10/T088,22196,HU312
Recsk,M10/T089,09609,HU312
Rózsaszentmárton,M10/T090,27650,HU312
Sarud,M10/T091,07180,HU312
Sirok,M10/T092,08527,HU312
Szajla,M10/T093,16063,HU312
Szentdomonkos,M10/T094,13231,HU312
Szihalom,M10/T095,11013,HU312
Szilvásvárad,M10/T096,05643,HU312
Szúcs,M10/T097,13523,HU312
Szűcsi,M10/T098,09982,HU312
Tarnabod,M10/T099,32966,HU312
Tarnalelesz,M10/T100,13240,HU312
Tarnaméra,M10/T101,23348,HU312
Tarnaörs,M10/T102,14128,HU312
Tarnaszentmária,M10/T103,09052,HU312
Tarnaszentmiklós,M10/T104,16160,HU312
Tarnazsadány,M10/T105,17163,HU312
Tenk,M10/T106,14076,HU312
Terpes,M10/T107,12229,HU312
Tiszanána,M10/T108,07083,HU312
Tófalu,M10/T109,09964,HU312
Újlőrincfalva,M10/T110,27623,HU312
Vámosgyörk,M10/T111,14580,HU312
Váraszó,M10/T112,27012,HU312
Verpelét,M10/T113,24147,HU312
Vécs,M10/T114,05759,HU312
Visonta,M10/T115,31246,HU312
Visznek,M10/T116,03513,HU312
Zagyvaszántó,M10/T117,21722,HU312
Zaránk,M10/T118,23445,HU312
Szarvaskő,M10/T119,03382,HU312
Pálosvörösmart,M10/T120,34324,HU312
Kerekharaszt,M10/T121,34379,HU312
Abádszalók,M11/T001,12441,HU322
Alattyán,M11/T002,25265,HU322
Berekfürdő,M11/T003,34005,HU322
Besenyszög,M11/T004,11305,HU322
Cibakháza,M11/T005,22938,HU322
Csataszög,M11/T006,34175,HU322
Cserkeszőlő,M11/T007,05795,HU322
Csépa,M11/T008,13170,HU322
Fegyvernek,M11/T009,16647,HU322
Hunyadfalva,M11/T010,34050,HU322
Jánoshida,M11/T011,22859,HU322
Jászalsószentgyörgy,M11/T012,30711,HU322
Jászapáti,M11/T013,22202,HU322
Jászágó,M11/T014,22929,HU322
Jászárokszállás,M11/T015,22105,HU322
Jászberény,M11/T016,18209,HU322
Jászboldogháza,M11/T017,15811,HU322
Jászdózsa,M11/T018,17978,HU322
Jászfelsőszentgyörgy,M11/T019,23579,HU322
Jászfényszaru,M11/T020,23339,HU322
Jászivány,M11/T021,24086,HU322
Jászjákóhalma,M11/T022,25186,HU322
Jászkisér,M11/T023,22798,HU322
Jászladány,M11/T024,21111,HU322
Jászszentandrás,M11/T025,13514,HU322
Jásztelek,M11/T026,23135,HU322
Karcag,M11/T027,04923,HU322
Kenderes,M11/T028,17145,HU322
Kengyel,M11/T029,07418,HU322
Kétpó,M11/T030,19813,HU322
Kisújszállás,M11/T031,25919,HU322
Kőtelek,M11/T032,11235,HU322
Kuncsorba,M11/T033,05254,HU322
Kunhegyes,M11/T034,22567,HU322
Kunmadaras,M11/T035,23171,HU322
Kunszentmárton,M11/T036,32504,HU322
Martfű,M11/T037,02626,HU322
Mesterszállás,M11/T038,30234,HU322
Mezőhék,M11/T039,26286,HU322
Mezőtúr,M11/T040,04260,HU322
Nagyiván,M11/T041,21689,HU322
Nagykörű,M11/T042,15574,HU322
Nagyrév,M11/T043,06318,HU322
Öcsöd,M11/T044,28006,HU322
Örményes,M11/T045,29382,HU322
Pusztamonostor,M11/T046,15246,HU322
Rákóczifalva,M11/T047,14207,HU322
Rákócziújfalu,M11/T048,12423,HU322
Szajol,M11/T049,05874,HU322
Szászberek,M11/T050,05777,HU322
Szelevény,M11/T051,20428,HU322
Szolnok,M11/T052,27854,HU322
Tiszabő,M11/T053,10773,HU322
Tiszabura,M11/T054,22770,HU322
Tiszaderzs,M11/T055,16230,HU322
Tiszaföldvár,M11/T056,13815,HU322
Tiszafüred,M11/T057,29726,HU322
Tiszagyenda,M11/T058,30304,HU322
Tiszaigar,M11/T059,28699,HU322
Tiszainoka,M11/T060,20446,HU322
Tiszajenő,M11/T061,29346,HU322
Tiszakürt,M11/T062,30386,HU322
Tiszaörs,M11/T063,15787,HU322
Tiszapüspöki,M11/T064,03373,HU322
Tiszaroff,M11/T065,20181,HU322
Tiszasas,M11/T066,21494,HU322
Tiszasüly,M11/T067,17695,HU322
Tiszaszentimre,M11/T068,22789,HU322
Tiszatenyő,M11/T069,09627,HU322
Tiszavárkony,M11/T070,31866,HU322
Tomajmonostora,M11/T071,09557,HU322
Tószeg,M11/T072,07490,HU322
Törökszentmiklós,M11/T073,27313,HU322
Túrkeve,M11/T074,28228,HU322
Újszász,M11/T075,15291,HU322
Vezseny,M11/T076,21157,HU322
Zagyvarékas,M11/T077,14836,HU322
Tiszaszőlős,M11/T078,07852,HU322
Aka,M12/T001,06682,HU212
Almásfüzitő,M12/T002,32346,HU212
Annavölgy,M12/T003,34227,HU212
Ács,M12/T004,04428,HU212
Ácsteszér,M12/T005,18139,HU212
Baj,M12/T006,29212,HU212
Bajna,M12/T007,16744,HU212
Bajót,M12/T008,29355,HU212
Bakonybánk,M12/T009,24244,HU212
Bakonysárkány,M12/T010,25229,HU212
Bakonyszombathely,M12/T011,22381,HU212
Bana,M12/T012,31422,HU212
Bábolna,M12/T013,19363,HU212
Bársonyos,M12/T014,08624,HU212
Bokod,M12/T015,07311,HU212
Csatka,M12/T016,33109,HU212
Császár,M12/T017,16416,HU212
Csém,M12/T018,33640,HU212
Csép,M12/T019,18272,HU212
Csolnok,M12/T020,18926,HU212
Dad,M12/T021,33163,HU212
Dág,M12/T022,22910,HU212
Dorog,M12/T023,10490,HU212
Dömös,M12/T024,06594,HU212
Dunaalmás,M12/T025,33835,HU212
Dunaszentmiklós,M12/T026,24101,HU212
Epöl,M12/T027,29638,HU212
Esztergom,M12/T028,25131,HU212
Ete,M12/T029,06664,HU212
Gyermely,M12/T030,06521,HU212
Héreg,M12/T031,11891,HU212
Kecskéd,M12/T032,04525,HU212
Kerékteleki,M12/T033,10995,HU212
Kesztölc,M12/T034,29577,HU212
Kisbér,M12/T035,17330,HU212
Kisigmánd,M12/T036,20923,HU212
Kocs,M12/T037,02510,HU212
Komárom,M12/T038,05449,HU212
Kömlőd,M12/T039,07630,HU212
Környe,M12/T040,30553,HU212
Lábatlan,M12/T041,15255,HU212
Leányvár,M12/T042,25487,HU212
Máriahalom,M12/T043,22637,HU212
Mocsa,M12/T044,26930,HU212
Mogyorósbánya,M12/T045,28255,HU212
Nagyigmánd,M12/T046,22372,HU212
Nagysáp,M12/T047,27076,HU212
Naszály,M12/T048,20163,HU212
Neszmély,M12/T049,33826,HU212
Nyergesújfalu,M12/T050,15352,HU212
Oroszlány,M12/T051,30766,HU212
Piliscsév,M12/T052,21874,HU212
Pilismarót,M12/T053,14669,HU212
Réde,M12/T054,30012,HU212
Sárisáp,M12/T055,26903,HU212
Súr,M12/T056,31990,HU212
Süttő,M12/T057,08688,HU212
Szákszend,M12/T058,33516,HU212
Szárliget,M12/T059,33491,HU212
Szomor,M12/T060,21421,HU212
Szomód,M12/T061,22619,HU212
Tardos,M12/T062,30225,HU212
Tarján,M12/T063,18935,HU212
Tata,M12/T064,20127,HU212
Tatabánya,M12/T065,18157,HU212
Tárkány,M12/T066,20987,HU212
Tát,M12/T067,08758,HU212
Tokod,M12/T068,14155,HU212
Tokodaltáró,M12/T069,34023,HU212
Úny,M12/T070,27632,HU212
Várgesztes,M12/T071,17251,HU212
Vérteskethely,M12/T072,32586,HU212
Vértessomló,M12/T073,15282,HU212
Vértesszőlős,M12/T074,31264,HU212
Vértestolna,M12/T075,29629,HU212
Ászár,M12/T076,23852,HU212
Alsópetény,M13/T001,16425,HU313
Alsótold,M13/T002,07621,HU313
Balassagyarmat,M13/T003,13657,HU313
Bánk,M13/T004,24341,HU313
Bárna,M13/T005,20048,HU313
Bátonyterenye,M13/T006,33534,HU313
Becske,M13/T007,12016,HU313
Bercel,M13/T008,02389,HU313
Berkenye,M13/T009,09034,HU313
Bér,M13/T010,32911,HU313
Bokor,M13/T011,03841,HU313
Borsosberény,M13/T012,09894,HU313
Buják,M13/T013,14234,HU313
Cered,M13/T014,03665,HU313
Cserháthaláp,M13/T015,21935,HU313
Cserhátsurány,M13/T016,22594,HU313
Cserhátszentiván,M13/T017,32319,HU313
Csesztve,M13/T018,20145,HU313
Csécse,M13/T019,30270,HU313
Csitár,M13/T020,05050,HU313
Debercsény,M13/T021,07320,HU313
Dejtár,M13/T022,12511,HU313
Diósjenő,M13/T023,06743,HU313
Dorogháza,M13/T024,24439,HU313
Drégelypalánk,M13/T025,08156,HU313
Ecseg,M13/T026,04251,HU313
Egyházasdengeleg,M13/T027,17659,HU313
Egyházasgerge,M13/T028,05980,HU313
Endrefalva,M13/T029,25496,HU313
Erdőkürt,M13/T030,22655,HU313
Erdőtarcsa,M13/T031,21795,HU313
Etes,M13/T032,15370,HU313
Érsekvadkert,M13/T033,21582,HU313
Felsőpetény,M13/T034,24323,HU313
Felsőtold,M13/T035,33312,HU313
Galgaguta,M13/T036,25663,HU313
Garáb,M13/T037,18494,HU313
Herencsény,M13/T038,05324,HU313
Héhalom,M13/T039,03993,HU313
Hollókő,M13/T040,33242,HU313
Hont,M13/T041,13204,HU313
Horpács,M13/T042,13718,HU313
Hugyag,M13/T043,16878,HU313
Iliny,M13/T044,26833,HU313
Ipolytarnóc,M13/T045,03328,HU313
Ipolyvece,M13/T046,29319,HU313
Jobbágyi,M13/T047,08712,HU313
Karancsalja,M13/T048,18625,HU313
Karancsberény,M13/T049,25548,HU313
Karancskeszi,M13/T050,08855,HU313
Karancslapujtő,M13/T051,21041,HU313
Karancsság,M13/T052,26897,HU313
Kazár,M13/T053,28389,HU313
Kálló,M13/T054,08642,HU313
Keszeg,M13/T055,31413,HU313
Kétbodony,M13/T056,11846,HU313
Kisbágyon,M13/T057,27243,HU313
Kisbárkány,M13/T058,26295,HU313
Kisecset,M13/T059,33206,HU313
Kishartyán,M13/T060,33400,HU313
Kozárd,M13/T061,13842,HU313
Kutasó,M13/T062,19451,HU313
Legénd,M13/T063,30395,HU313
Litke,M13/T064,04871,HU313
Lucfalva,M13/T065,20190,HU313
Ludányhalászi,M13/T066,02778,HU313
Magyargéc,M13/T067,26967,HU313
Magyarnándor,M13/T068,32407,HU313
Márkháza,M13/T069,14641,HU313
Mátramindszent,M13/T070,20075,HU313
Mátranovák,M13/T071,19372,HU313
Mátraszele,M13/T072,24332,HU313
Mátraszőlős,M13/T073,04330,HU313
Mátraterenye,M13/T074,33525,HU313
Mátraverebély,M13/T075,30100,HU313
Mihálygerge,M13/T076,13222,HU313
Mohora,M13/T077,27915,HU313
Nagybárkány,M13/T078,16391,HU313
Nagykeresztúr,M13/T079,34281,HU313
Nagylóc,M13/T080,21102,HU313
Nagyoroszi,M13/T081,23986,HU313
Nemti,M13/T082,27580,HU313
Nézsa,M13/T083,09797,HU313
Nógrád,M13/T084,04358,HU313
Nógrádkövesd,M13/T085,32300,HU313
Nógrádmarcal,M13/T086,29832,HU313
Nógrádmegyer,M13/T087,12131,HU313
Nógrádsáp,M13/T088,08387,HU313
Nógrádsipek,M13/T089,19497,HU313
Nógrádszakál,M13/T090,27340,HU313
Nőtincs,M13/T091,29425,HU313
Őrhalom,M13/T092,03249,HU313
Ősagárd,M13/T093,19318,HU313
Palotás,M13/T094,05883,HU313
Patak,M13/T095,07199,HU313
Patvarc,M13/T096,33880,HU313
Pásztó,M13/T097,07409,HU313
Piliny,M13/T098,11590,HU313
Pusztaberki,M13/T099,17862,HU313
Rétság,M13/T100,23825,HU313
Rimóc,M13/T101,28884,HU313
Romhány,M13/T102,12195,HU313
Salgótarján,M13/T103,25788,HU313
Ságújfalu,M13/T104,12520,HU313
Sámsonháza,M13/T105,24572,HU313
Sóshartyán,M13/T106,14881,HU313
Szalmatercs,M13/T107,19798,HU313
Szanda,M13/T108,13754,HU313
Szarvasgede,M13/T109,10199,HU313
Szátok,M13/T110,15325,HU313
Szendehely,M13/T111,04507,HU313
Szente,M13/T112,09043,HU313
Szécsénke,M13/T113,23047,HU313
Szécsény,M13/T114,06628,HU313
Szécsényfelfalu,M13/T115,33011,HU313
Szilaspogony,M13/T116,07959,HU313
Szirák,M13/T117,21634,HU313
Szuha,M13/T118,28194,HU313
Szurdokpüspöki,M13/T119,19044,HU313
Szügy,M13/T120,18786,HU313
Tar,M13/T121,32896,HU313
Tereske,M13/T122,24174,HU313
Terény,M13/T123,04844,HU313
Tolmács,M13/T124,06381,HU313
Vanyarc,M13/T125,30915,HU313
Varsány,M13/T126,29498,HU313
Vizslás,M13/T127,10320,HU313
Zabar,M13/T128,21661,HU313
Rákóczibánya,M13/T129,34360,HU313
Ipolyszög,M13/T130,01508,HU313
Somoskőújfalu,M13/T131,01526,HU313
Abony,M14/T001,27872,HU120
Acsa,M14/T002,18573,HU120
Albertirsa,M14/T003,31653,HU120
Alsónémedi,M14/T004,23199,HU120
Apaj,M14/T005,33561,HU120
Aszód,M14/T006,16188,HU120
Áporka,M14/T007,10108,HU120
Bag,M14/T008,09131,HU120
Bernecebaráti,M14/T009,18777,HU120
Bénye,M14/T010,25098,HU120
Biatorbágy,M14/T011,08891,HU120
Budajenő,M14/T012,03407,HU120
Budakalász,M14/T013,23463,HU120
Budakeszi,M14/T014,12052,HU120
Budaörs,M14/T015,23278,HU120
Bugyi,M14/T016,32027,HU120
Cegléd,M14/T017,11341,HU120
Ceglédbercel,M14/T018,20640,HU120
Csemő,M14/T019,05184,HU120
Csévharaszt,M14/T020,18476,HU120
Csobánka,M14/T021,06822,HU120
Csomád,M14/T022,33118,HU120
Csömör,M14/T023,22804,HU120
Csővár,M14/T024,26985,HU120
Dabas,M14/T025,09247,HU120
Dánszentmiklós,M14/T026,31811,HU120
Dány,M14/T027,18397,HU120
Délegyháza,M14/T028,09973,HU120
Diósd,M14/T029,24013,HU120
Domony,M14/T030,04808,HU120
Dömsöd,M14/T031,29647,HU120
Dunabogdány,M14/T032,25362,HU120
Dunaharaszti,M14/T033,09584,HU120
Dunakeszi,M14/T034,18616,HU120
Dunavarsány,M14/T035,20534,HU120
Ecser,M14/T036,24518,HU120
Erdőkertes,M14/T037,13480,HU120
Érd,M14/T038,30988,HU120
Farmos,M14/T039,09122,HU120
Felsőpakony,M14/T040,06035,HU120
Fót,M14/T041,32610,HU120
Galgagyörk,M14/T042,13295,HU120
Galgahévíz,M14/T043,19503,HU120
Galgamácsa,M14/T044,27128,HU120
Gomba,M14/T045,09441,HU120
Göd,M14/T046,23649,HU120
Gödöllő,M14/T047,32559,HU120
Gyál,M14/T048,25627,HU120
Gyömrő,M14/T049,29735,HU120
Halásztelek,M14/T050,09690,HU120
Herceghalom,M14/T051,33552,HU120
Hernád,M14/T052,09849,HU120
Hévízgyörk,M14/T053,13949,HU120
Iklad,M14/T054,03300,HU120
Inárcs,M14/T055,32106,HU120
Ipolydamásd,M14/T056,28097,HU120
Ipolytölgyes,M14/T057,04978,HU120
Isaszeg,M14/T058,07807,HU120
Jászkarajenő,M14/T059,11004,HU120
Kakucs,M14/T060,32230,HU120
Kartal,M14/T061,30696,HU120
Káva,M14/T062,27827,HU120
Kemence,M14/T063,22345,HU120
Kerepes,M14/T064,34166,HU120
Kiskunlacháza,M14/T065,10816,HU120
Kismaros,M14/T066,33738,HU120
Kisnémedi,M14/T067,05227,HU120
Kisoroszi,M14/T068,29850,HU120
Kistarcsa,M14/T069,34157,HU120
Kocsér,M14/T070,32771,HU120
Kosd,M14/T071,27687,HU120
Kóka,M14/T072,31361,HU120
Kóspallag,M14/T073,24679,HU120
Kőröstetétlen,M14/T074,32975,HU120
Leányfalu,M14/T075,30809,HU120
Letkés,M14/T076,22682,HU120
Lórév,M14/T077,09140,HU120
Maglód,M14/T078,10922,HU120
Majosháza,M14/T079,10755,HU120
Makád,M14/T080,04394,HU120
Márianosztra,M14/T081,04570,HU120
Mende,M14/T082,03692,HU120
Mikebuda,M14/T083,24466,HU120
Mogyoród,M14/T084,17783,HU120
Monor,M14/T085,10551,HU120
Nagybörzsöny,M14/T086,14775,HU120
Nagykáta,M14/T087,13435,HU120
Nagykovácsi,M14/T088,09991,HU120
Nagykőrös,M14/T089,19716,HU120
Nagymaros,M14/T090,31732,HU120
Nagytarcsa,M14/T091,23409,HU120
Nyáregyháza,M14/T092,23038,HU120
Nyársapát,M14/T093,20066,HU120
Ócsa,M14/T094,04075,HU120
Örkény,M14/T095,05281,HU120
Őrbottyán,M14/T096,08545,HU120
Pánd,M14/T097,22248,HU120
Páty,M14/T098,15024,HU120
Penc,M14/T099,18689,HU120
Perbál,M14/T100,28185,HU120
Perőcsény,M14/T101,04181,HU120
Pécel,M14/T102,04057,HU120
Péteri,M14/T103,21847,HU120
Pilis,M14/T104,09821,HU120
Pilisborosjenő,M14/T105,29601,HU120
Piliscsaba,M14/T106,07144,HU120
Pilisjászfalu,M14/T107,34148,HU120
Pilisszántó,M14/T108,05290,HU120
Pilisszentiván,M14/T109,11396,HU120
Pilisszentkereszt,M14/T110,18731,HU120
Pilisszentlászló,M14/T111,08457,HU120
Pilisvörösvár,M14/T112,14340,HU120
Pomáz,M14/T113,06372,HU120
Pócsmegyer,M14/T114,04905,HU120
Pusztavacs,M14/T115,23083,HU120
Pusztazámor,M14/T116,15583,HU120
Püspökhatvan,M14/T117,21388,HU120
Püspökszilágy,M14/T118,04303,HU120
Ráckeve,M14/T119,17260,HU120
Rád,M14/T120,02370,HU120
Solymár,M14/T121,07384,HU120
Sóskút,M14/T122,06840,HU120
Sülysáp,M14/T123,21713,HU120
Szada,M14/T124,21458,HU120
Százhalombatta,M14/T125,17312,HU120
Szentendre,M14/T126,15440,HU120
Szentlőrinckáta,M14/T127,07542,HU120
Szentmártonkáta,M14/T128,28653,HU120
Szigetbecse,M14/T129,26259,HU120
Szigetcsép,M14/T130,07870,HU120
Szigethalom,M14/T131,13277,HU120
Szigetmonostor,M14/T132,26213,HU120
Szigetszentmárton,M14/T133,15185,HU120
Szigetszentmiklós,M14/T134,28954,HU120
Szigetújfalu,M14/T135,22114,HU120
Szob,M14/T136,24916,HU120
Szokolya,M14/T137,06947,HU120
Sződ,M14/T138,12690,HU120
Sződliget,M14/T139,28866,HU120
Tahitótfalu,M14/T140,31963,HU120
Taksony,M14/T141,30720,HU120
Tatárszentgyörgy,M14/T142,27386,HU120
Táborfalva,M14/T143,08332,HU120
Tápióbicske,M14/T144,15015,HU120
Tápiógyörgye,M14/T145,17303,HU120
Tápióság,M14/T146,09405,HU120
Tápiószecső,M14/T147,31796,HU120
Tápiószele,M14/T148,14146,HU120
Tápiószentmárton,M14/T149,14571,HU120
Tápiószőlős,M14/T150,02769,HU120
Tárnok,M14/T151,04154,HU120
Telki,M14/T152,08280,HU120
Tésa,M14/T153,19248,HU120
Tinnye,M14/T154,07108,HU120
Tóalmás,M14/T155,21467,HU120
Tök,M14/T156,24527,HU120
Tököl,M14/T157,29823,HU120
Törökbálint,M14/T158,06859,HU120
Törtel,M14/T159,22008,HU120
Tura,M14/T160,09593,HU120
Újhartyán,M14/T161,06293,HU120
Újlengyel,M14/T162,19682,HU120
Újszilvás,M14/T163,17808,HU120
Úri,M14/T164,28644,HU120
Üllő,M14/T165,12894,HU120
Üröm,M14/T166,11934,HU120
Valkó,M14/T167,17598,HU120
Vasad,M14/T168,22585,HU120
Vác,M14/T169,24934,HU120
Vácduka,M14/T170,05917,HU120
Vácegres,M14/T171,30331,HU120
Váchartyán,M14/T172,19886,HU120
Váckisújfalu,M14/T173,05698,HU120
Vácrátót,M14/T174,17668,HU120
Vácszentlászló,M14/T175,09104,HU120
Vámosmikola,M14/T176,10737,HU120
Vecsés,M14/T177,26815,HU120
Veresegyház,M14/T178,18342,HU120
Verőce,M14/T179,33729,HU120
Verseg,M14/T180,22488,HU120
Visegrád,M14/T181,28413,HU120
Zebegény,M14/T182,14960,HU120
Zsámbék,M14/T183,25034,HU120
Zsámbok,M14/T184,22035,HU120
Csörög,M14/T185,34333,HU120
Remeteszőlős,M14/T186,34315,HU120
Monorierdő,M14/T187,34397,HU120
Alsóbogát,M15/T001,34184,HU232
Andocs,M15/T002,28714,HU232
Ádánd,M15/T003,06080,HU232
Babócsa,M15/T004,30474,HU232
Bakháza,M15/T005,14395,HU232
Balatonberény,M15/T006,27377,HU232
Balatonboglár,M15/T007,33853,HU232
Balatonendréd,M15/T008,19460,HU232
Balatonfenyves,M15/T009,20729,HU232
Balatonföldvár,M15/T010,07117,HU232
Balatonkeresztúr,M15/T011,07375,HU232
Balatonlelle,M15/T012,33862,HU232
Balatonmáriafürdő,M15/T013,14562,HU232
Balatonőszöd,M15/T014,11916,HU232
Balatonszabadi,M15/T015,16601,HU232
Balatonszárszó,M15/T016,24907,HU232
Balatonszemes,M15/T017,22822,HU232
Balatonszentgyörgy,M15/T018,21324,HU232
Balatonújlak,M15/T019,16470,HU232
Barcs,M15/T020,32799,HU232
Baté,M15/T021,32337,HU232
Bábonymegyer,M15/T022,28316,HU232
Bálványos,M15/T023,24457,HU232
Bárdudvarnok,M15/T024,03735,HU232
Bedegkér,M15/T025,20710,HU232
Beleg,M15/T026,17127,HU232
Berzence,M15/T027,30119,HU232
Bélavár,M15/T028,06910,HU232
Bodrog,M15/T029,10506,HU232
Bolhás,M15/T030,13994,HU232
Bolhó,M15/T031,18120,HU232
Bonnya,M15/T032,22673,HU232
Böhönye,M15/T033,26532,HU232
Bőszénfa,M15/T034,26277,HU232
Buzsák,M15/T035,17358,HU232
Büssü,M15/T036,08703,HU232
Csákány,M15/T037,03799,HU232
Cserénfa,M15/T038,25681,HU232
Csokonyavisonta,M15/T039,05971,HU232
Csoma,M15/T040,08040,HU232
Csombárd,M15/T041,02477,HU232
Csököly,M15/T042,24314,HU232
Csömend,M15/T043,27270,HU232
Csurgó,M15/T044,21315,HU232
Csurgónagymarton,M15/T045,10603,HU232
Darány,M15/T046,31352,HU232
Drávagárdony,M15/T047,13611,HU232
Drávatamási,M15/T048,15884,HU232
Ecseny,M15/T049,10861,HU232
Edde,M15/T050,03489,HU232
Felsőmocsolád,M15/T051,13985,HU232
Fiad,M15/T052,31644,HU232
Fonó,M15/T053,22026,HU232
Fonyód,M15/T054,14632,HU232
Főnyed,M15/T055,22707,HU232
Gadács,M15/T056,28264,HU232
Gadány,M15/T057,26222,HU232
Gamás,M15/T058,06451,HU232
Gálosfa,M15/T059,06585,HU232
Gige,M15/T060,09177,HU232
Gölle,M15/T061,30571,HU232
Görgeteg,M15/T062,14599,HU232
Gyékényes,M15/T063,30960,HU232
Gyugy,M15/T064,23904,HU232
Hajmás,M15/T065,25830,HU232
Hács,M15/T066,18634,HU232
Háromfa,M15/T067,08837,HU232
Hedrehely,M15/T068,16726,HU232
Hencse,M15/T069,09946,HU232
Heresznye,M15/T070,24846,HU232
Hetes,M15/T071,09928,HU232
Hollád,M15/T072,06211,HU232
Homokszentgyörgy,M15/T073,19150,HU232
Hosszúvíz,M15/T074,30775,HU232
Igal,M15/T075,11192,HU232
Iharos,M15/T076,19619,HU232
Iharosberény,M15/T077,27784,HU232
Inke,M15/T078,26301,HU232
Istvándi,M15/T079,21333,HU232
Jákó,M15/T080,15927,HU232
Juta,M15/T081,17279,HU232
Kadarkút,M15/T082,26453,HU232
Kapoly,M15/T083,33394,HU232
Kaposfő,M15/T084,09098,HU232
Kaposgyarmat,M15/T085,28811,HU232
Kaposhomok,M15/T086,25867,HU232
Kaposkeresztúr,M15/T087,12663,HU232
Kaposmérő,M15/T088,18227,HU232
Kaposszerdahely,M15/T089,06424,HU232
Kaposújlak,M15/T090,15732,HU232
Kaposvár,M15/T091,20473,HU232
Karád,M15/T092,05263,HU232
Kastélyosdombó,M15/T093,08411,HU232
Kaszó,M15/T094,34193,HU232
Kazsok,M15/T095,26888,HU232
Kálmáncsa,M15/T096,06105,HU232
Kánya,M15/T097,05272,HU232
Kára,M15/T098,05351,HU232
Kelevíz,M15/T099,17446,HU232
Kercseliget,M15/T100,14386,HU232
Kereki,M15/T101,04598,HU232
Kéthely,M15/T102,11174,HU232
Kisasszond,M15/T103,19053,HU232
Kisbajom,M15/T104,24387,HU232
Kisbárapáti,M15/T105,24493,HU232
Kisberény,M15/T106,30827,HU232
Kisgyalán,M15/T107,04826,HU232
Kiskorpád,M15/T108,13781,HU232
Komlósd,M15/T109,09858,HU232
Kötcse,M15/T110,18148,HU232
Kőkút,M15/T111,13745,HU232
Kőröshegy,M15/T112,15510,HU232
Kutas,M15/T113,28857,HU232
Lad,M15/T114,16258,HU232
Lakócsa,M15/T115,11040,HU232
Lábod,M15/T116,28291,HU232
Látrány,M15/T117,14863,HU232
Lengyeltóti,M15/T118,26675,HU232
Libickozma,M15/T119,32355,HU232
Lulla,M15/T120,10010,HU232
Magyaratád,M15/T121,10427,HU232
Magyaregres,M15/T122,25371,HU232
Marcali,M15/T123,18500,HU232
Mernye,M15/T124,23630,HU232
Mesztegnyő,M15/T125,16106,HU232
Mezőcsokonya,M15/T126,30854,HU232
Mike,M15/T127,20905,HU232
Miklósi,M15/T128,33376,HU232
Mosdós,M15/T129,31343,HU232
Nagyatád,M15/T130,17941,HU232
Nagybajom,M15/T131,21652,HU232
Nagyberény,M15/T132,29063,HU232
Nagyberki,M15/T133,21449,HU232
Nagycsepely,M15/T134,20598,HU232
Nagykorpád,M15/T135,32805,HU232
Nagyszakácsi,M15/T136,25520,HU232
Nágocs,M15/T137,15909,HU232
Nemesdéd,M15/T138,07913,HU232
Nemeskisfalud,M15/T139,25511,HU232
Nemesvid,M15/T140,17561,HU232
Nikla,M15/T141,10959,HU232
Nyim,M15/T142,03203,HU232
Orci,M15/T143,24536,HU232
Ordacsehi,M15/T144,16823,HU232
Osztopán,M15/T145,19770,HU232
Öreglak,M15/T146,07056,HU232
Ötvöskónyi,M15/T147,32115,HU232
Őrtilos,M15/T148,14012,HU232
Pamuk,M15/T149,26392,HU232
Patalom,M15/T150,06141,HU232
Patca,M15/T151,12168,HU232
Patosfa,M15/T152,15592,HU232
Pálmajor,M15/T153,34041,HU232
Péterhida,M15/T154,29197,HU232
Pogányszentpéter,M15/T155,27553,HU232
Polány,M15/T156,13790,HU232
Porrog,M15/T157,11828,HU232
Porrogszentkirály,M15/T158,13930,HU232
Porrogszentpál,M15/T159,28510,HU232
Potony,M15/T160,28361,HU232
Pusztakovácsi,M15/T161,19026,HU232
Pusztaszemes,M15/T162,23311,HU232
Ráksi,M15/T163,30863,HU232
Rinyabesenyő,M15/T164,05078,HU232
Rinyakovácsi,M15/T165,32674,HU232
Rinyaszentkirály,M15/T166,26754,HU232
Rinyaújlak,M15/T167,20622,HU232
Rinyaújnép,M15/T168,20321,HU232
Ságvár,M15/T169,14942,HU232
Sántos,M15/T170,31121,HU232
Sávoly,M15/T171,02051,HU232
Segesd,M15/T172,27368,HU232
Sérsekszőlős,M15/T173,32133,HU232
Simonfa,M15/T174,32780,HU232
Siófok,M15/T175,17631,HU232
Siójut,M15/T176,23092,HU232
Som,M15/T177,04127,HU232
Somodor,M15/T178,13824,HU232
Somogyacsa,M15/T179,30580,HU232
Somogyaracs,M15/T180,05500,HU232
Somogyaszaló,M15/T181,31219,HU232
Somogybabod,M15/T182,32470,HU232
Somogybükkösd,M15/T183,25043,HU232
Somogycsicsó,M15/T184,11484,HU232
Somogydöröcske,M15/T185,15981,HU232
Somogyegres,M15/T186,20057,HU232
Somogyfajsz,M15/T187,18078,HU232
Somogygeszti,M15/T188,20330,HU232
Somogyjád,M15/T189,28963,HU232
Somogymeggyes,M15/T190,12876,HU232
Somogysámson,M15/T191,15626,HU232
Somogysárd,M15/T192,28723,HU232
Somogysimonyi,M15/T193,27535,HU232
Somogyszentpál,M15/T194,06600,HU232
Somogyszil,M15/T195,03416,HU232
Somogyszob,M15/T196,18546,HU232
Somogytúr,M15/T197,32601,HU232
Somogyudvarhely,M15/T198,04853,HU232
Somogyvámos,M15/T199,21856,HU232
Somogyvár,M15/T200,19442,HU232
Somogyzsitfa,M15/T201,04835,HU232
Szabadi,M15/T202,14854,HU232
Szabás,M15/T203,28574,HU232
Szántód,M15/T204,34236,HU232
Szegerdő,M15/T205,18607,HU232
Szenna,M15/T206,15103,HU232
Szenta,M15/T207,11509,HU232
Szentbalázs,M15/T208,25706,HU232
Szentborbás,M15/T209,32841,HU232
Szentgáloskér,M15/T210,12973,HU232
Szenyér,M15/T211,30146,HU232
Szilvásszentmárton,M15/T212,32461,HU232
Szorosad,M15/T213,05193,HU232
Szólád,M15/T214,15194,HU232
Szőkedencs,M15/T215,05810,HU232
Szőlősgyörök,M15/T216,11101,HU232
Szulok,M15/T217,10986,HU232
Tab,M15/T218,08590,HU232
Tapsony,M15/T219,24615,HU232
Tarany,M15/T220,16735,HU232
Taszár,M15/T221,04932,HU232
Táska,M15/T222,13693,HU232
Teleki,M15/T223,23968,HU232
Tengőd,M15/T224,32416,HU232
Tikos,M15/T225,17844,HU232
Torvaj,M15/T226,10153,HU232
Tótújfalu,M15/T227,16407,HU232
Törökkoppány,M15/T228,20093,HU232
Újvárfalva,M15/T229,07205,HU232
Varászló,M15/T230,09274,HU232
Várda,M15/T231,26781,HU232
Vése,M15/T232,08183,HU232
Visnye,M15/T233,19017,HU232
Visz,M15/T234,06877,HU232
Vízvár,M15/T235,29780,HU232
Vörs,M15/T236,09645,HU232
Zala,M15/T237,11466,HU232
Zamárdi,M15/T238,06008,HU232
Zákány,M15/T239,14623,HU232
Zics,M15/T240,33057,HU232
Zimány,M15/T241,27614,HU232
Zselickisfalud,M15/T242,26842,HU232
Zselickislak,M15/T243,24110,HU232
Zselicszentpál,M15/T244,17491,HU232
Zákányfalu,M15/T245,34403,HU232
Balatonvilágos,M15/T246,03559,HU232
Ajak,M16/T001,08776,HU323
Anarcs,M16/T002,29975,HU323
Apagy,M16/T003,20303,HU323
Aranyosapáti,M16/T004,09353,HU323
Baktalórántháza,M16/T005,02325,HU323
Balkány,M16/T006,26958,HU323
Balsa,M16/T007,15963,HU323
Barabás,M16/T008,26480,HU323
Bátorliget,M16/T009,02990,HU323
Benk,M16/T010,25441,HU323
Beregdaróc,M16/T011,28246,HU323
Beregsurány,M16/T012,20677,HU323
Berkesz,M16/T013,07472,HU323
Besenyőd,M16/T014,13639,HU323
Beszterec,M16/T015,21227,HU323
Biri,M16/T016,02945,HU323
Botpalád,M16/T017,22239,HU323
Bököny,M16/T018,11299,HU323
Buj,M16/T019,19707,HU323
Cégénydányád,M16/T020,09681,HU323
Csaholc,M16/T021,12928,HU323
Csaroda,M16/T022,29416,HU323
Császló,M16/T023,09715,HU323
Csegöld,M16/T024,26107,HU323
Csenger,M16/T025,30641,HU323
Csengersima,M16/T026,24095,HU323
Csengerújfalu,M16/T027,26851,HU323
Darnó,M16/T028,18795,HU323
Demecser,M16/T029,17756,HU323
Dombrád,M16/T030,14508,HU323
Döge,M16/T031,03647,HU323
Encsencs,M16/T032,32328,HU323
Eperjeske,M16/T033,18528,HU323
Érpatak,M16/T034,10852,HU323
Fábiánháza,M16/T035,23250,HU323
Fehérgyarmat,M16/T036,18971,HU323
Fényeslitke,M16/T037,22415,HU323
Fülesd,M16/T038,10791,HU323
Fülpösdaróc,M16/T039,14377,HU323
Gacsály,M16/T040,13727,HU323
Garbolc,M16/T041,04996,HU323
Gávavencsellő,M16/T042,05801,HU323
Gelénes,M16/T043,04613,HU323
Gemzse,M16/T044,13000,HU323
Geszteréd,M16/T045,28893,HU323
Géberjén,M16/T046,03629,HU323
Gégény,M16/T047,05670,HU323
Gulács,M16/T048,29443,HU323
Győröcske,M16/T049,28945,HU323
Győrtelek,M16/T050,10126,HU323
Gyulaháza,M16/T051,07676,HU323
Gyügye,M16/T052,19558,HU323
Gyüre,M16/T053,33774,HU323
Hermánszeg,M16/T054,12061,HU323
Hetefejércse,M16/T055,05616,HU323
Hodász,M16/T056,13019,HU323
Ibrány,M16/T057,25636,HU323
Ilk,M16/T058,09654,HU323
Jánd,M16/T059,17075,HU323
Jánkmajtis,M16/T060,07843,HU323
Jármi,M16/T061,17589,HU323
Jéke,M16/T062,13143,HU323
Kállósemjén,M16/T063,31404,HU323
Kálmánháza,M16/T064,27225,HU323
Kántorjánosi,M16/T065,02671,HU323
Kemecse,M16/T066,19992,HU323
Kék,M16/T067,28431,HU323
Kékcse,M16/T068,14359,HU323
Kérsemjén,M16/T069,32869,HU323
Kisar,M16/T070,19424,HU323
Kishódos,M16/T071,08509,HU323
Kisléta,M16/T072,28477,HU323
Kisnamény,M16/T073,16036,HU323
Kispalád,M16/T074,29300,HU323
Kisszekeres,M16/T075,09751,HU323
Kisvarsány,M16/T076,12672,HU323
Kisvárda,M16/T077,09265,HU323
Kocsord,M16/T078,07445,HU323
Komlódtótfalu,M16/T079,22336,HU323
Komoró,M16/T080,27146,HU323
Kótaj,M16/T081,23728,HU323
Kölcse,M16/T082,16665,HU323
Kömörő,M16/T083,23612,HU323
Laskod,M16/T084,21290,HU323
Levelek,M16/T085,30979,HU323
Lónya,M16/T086,26091,HU323
Lövőpetri,M16/T087,07995,HU323
Magosliget,M16/T088,29984,HU323
Magy,M16/T089,16629,HU323
Mánd,M16/T090,02088,HU323
Mándok,M16/T091,17826,HU323
Máriapócs,M16/T092,19655,HU323
Márokpapi,M16/T093,33224,HU323
Mátészalka,M16/T094,18874,HU323
Mátyus,M16/T095,20668,HU323
Mezőladány,M16/T096,32656,HU323
Méhtelek,M16/T097,29799,HU323
Mérk,M16/T098,07463,HU323
Milota,M16/T099,31750,HU323
Nagyar,M16/T100,04710,HU323
Nagycserkesz,M16/T101,22743,HU323
Nagydobos,M16/T102,21485,HU323
Nagyecsed,M16/T103,06488,HU323
Nagyhalász,M16/T104,27155,HU323
Nagyhódos,M16/T105,26976,HU323
Nagykálló,M16/T106,24785,HU323
Nagyszekeres,M16/T107,27988,HU323
Nagyvarsány,M16/T108,33783,HU323
Napkor,M16/T109,08420,HU323
Nábrád,M16/T110,19211,HU323
Nemesborzova,M16/T111,27119,HU323
Nyírbátor,M16/T112,14845,HU323
Nyírbéltek,M16/T113,15802,HU323
Nyírbogát,M16/T114,31158,HU323
Nyírbogdány,M16/T115,28802,HU323
Nyírcsaholy,M16/T116,07904,HU323
Nyírcsászári,M16/T117,25973,HU323
Nyírderzs,M16/T118,05041,HU323
Nyíregyháza,M16/T119,17206,HU323
Nyírgelse,M16/T120,28440,HU323
Nyírgyulaj,M16/T121,09238,HU323
Nyíribrony,M16/T122,14696,HU323
Nyírjákó,M16/T123,31477,HU323
Nyírkarász,M16/T124,18290,HU323
Nyírkáta,M16/T125,32452,HU323
Nyírkércs,M16/T126,25928,HU323
Nyírlövő,M16/T127,11095,HU323
Nyírlugos,M16/T128,11271,HU323
Nyírmada,M16/T129,12274,HU323
Nyírmeggyes,M16/T130,23269,HU323
Nyírmihálydi,M16/T131,26365,HU323
Nyírparasznya,M16/T132,10807,HU323
Nyírpazony,M16/T133,33145,HU323
Nyírpilis,M16/T134,03878,HU323
Nyírtass,M16/T135,28060,HU323
Nyírtelek,M16/T136,13550,HU323
Nyírtét,M16/T137,09256,HU323
Nyírtura,M16/T138,12098,HU323
Nyírvasvári,M16/T139,16522,HU323
Olcsva,M16/T140,11129,HU323
Olcsvaapáti,M16/T141,10834,HU323
Ófehértó,M16/T142,22284,HU323
Ópályi,M16/T143,27924,HU323
Ököritófülpös,M16/T144,31769,HU323
Ömböly,M16/T145,26550,HU323
Őr,M16/T146,09025,HU323
Panyola,M16/T147,29559,HU323
Pap,M16/T148,27748,HU323
Papos,M16/T149,32577,HU323
Paszab,M16/T150,31972,HU323
Pátroha,M16/T151,12186,HU323
Pátyod,M16/T152,23685,HU323
Penészlek,M16/T153,17084,HU323
Penyige,M16/T154,32692,HU323
Petneháza,M16/T155,17224,HU323
Piricse,M16/T156,03391,HU323
Porcsalma,M16/T157,17215,HU323
Pócspetri,M16/T158,11244,HU323
Pusztadobos,M16/T159,13860,HU323
Rakamaz,M16/T160,14739,HU323
Ramocsaháza,M16/T161,31857,HU323
Rápolt,M16/T162,09061,HU323
Rétközberencs,M16/T163,21573,HU323
Rohod,M16/T164,24581,HU323
Rozsály,M16/T165,17428,HU323
Sényő,M16/T166,04491,HU323
Sonkád,M16/T167,23889,HU323
Szabolcs,M16/T168,19169,HU323
Szabolcsbáka,M16/T169,22053,HU323
Szabolcsveresmart,M16/T170,03586,HU323
Szakoly,M16/T171,04774,HU323
Szamosangyalos,M16/T172,18005,HU323
Szamosbecs,M16/T173,22017,HU323
Szamoskér,M16/T174,16300,HU323
Szamossályi,M16/T175,10436,HU323
Szamosszeg,M16/T176,13046,HU323
Szamostatárfalva,M16/T177,30085,HU323
Szamosújlak,M16/T178,31273,HU323
Szatmárcseke,M16/T179,31237,HU323
Székely,M16/T180,31088,HU323
Tarpa,M16/T181,04312,HU323
Tákos,M16/T182,29911,HU323
Terem,M16/T183,33358,HU323
Tiborszállás,M16/T184,08952,HU323
Timár,M16/T185,24475,HU323
Tiszaadony,M16/T186,09423,HU323
Tiszabecs,M16/T187,17817,HU323
Tiszabercel,M16/T188,03850,HU323
Tiszabezdéd,M16/T189,20172,HU323
Tiszacsécse,M16/T190,24448,HU323
Tiszadada,M16/T191,06433,HU323
Tiszadob,M16/T192,12593,HU323
Tiszaeszlár,M16/T193,09113,HU323
Tiszakanyár,M16/T194,08554,HU323
Tiszakerecseny,M16/T195,04446,HU323
Tiszakóród,M16/T196,08794,HU323
Tiszalök,M16/T197,23524,HU323
Tiszamogyorós,M16/T198,11907,HU323
Tiszanagyfalu,M16/T199,27252,HU323
Tiszarád,M16/T200,10205,HU323
Tiszaszalka,M16/T201,13541,HU323
Tiszaszentmárton,M16/T202,27544,HU323
Tiszatelek,M16/T203,14447,HU323
Tiszavasvári,M16/T204,07597,HU323
Tiszavid,M16/T205,33747,HU323
Tisztaberek,M16/T206,27261,HU323
Tivadar,M16/T207,20260,HU323
Tornyospálca,M16/T208,16957,HU323
Tunyogmatolcs,M16/T209,13213,HU323
Tuzsér,M16/T210,09919,HU323
Túristvándi,M16/T211,13602,HU323
Túrricse,M16/T212,08998,HU323
Tyukod,M16/T213,31398,HU323
Ura,M16/T214,28981,HU323
Uszka,M16/T215,31820,HU323
Újdombrád,M16/T216,33659,HU323
Újfehértó,M16/T217,26611,HU323
Újkenéz,M16/T218,10117,HU323
Vaja,M16/T219,18591,HU323
Vasmegyer,M16/T220,27100,HU323
Vállaj,M16/T221,06938,HU323
Vámosatya,M16/T222,27322,HU323
Vámosoroszi,M16/T223,08934,HU323
Vásárosnamény,M16/T224,18324,HU323
Zajta,M16/T225,06275,HU323
Záhony,M16/T226,16203,HU323
Zsarolyán,M16/T227,28750,HU323
Zsurk,M16/T228,13037,HU323
Szorgalmatos,M16/T229,34388,HU323
Alsónána,M17/T001,29665,HU233
Alsónyék,M17/T002,11563,HU233
Aparhant,M17/T003,26125,HU233
Attala,M17/T004,32735,HU233
Báta,M17/T005,11712,HU233
Bátaapáti,M17/T006,28909,HU233
Bátaszék,M17/T007,08864,HU233
Belecska,M17/T008,28662,HU233
Bikács,M17/T009,11970,HU233
Bogyiszló,M17/T010,03425,HU233
Bonyhád,M17/T011,06497,HU233
Bonyhádvarasd,M17/T012,14818,HU233
Bölcske,M17/T013,06558,HU233
Cikó,M17/T014,19284,HU233
Csibrák,M17/T015,11998,HU233
Csikóstőttős,M17/T016,30094,HU233
Dalmand,M17/T017,29230,HU233
Decs,M17/T018,24989,HU233
Diósberény,M17/T019,11688,HU233
Dombóvár,M17/T020,07685,HU233
Döbrököz,M17/T021,02565,HU233
Dunaföldvár,M17/T022,31501,HU233
Dunaszentgyörgy,M17/T023,09539,HU233
Dúzs,M17/T024,19202,HU233
Értény,M17/T025,08448,HU233
Fadd,M17/T026,18980,HU233
Fácánkert,M17/T027,24192,HU233
Felsőnána,M17/T028,15820,HU233
Felsőnyék,M17/T029,17914,HU233
Fürged,M17/T030,17950,HU233
Gerjen,M17/T031,05731,HU233
Grábóc,M17/T032,26727,HU233
Gyönk,M17/T033,30289,HU233
Györe,M17/T034,25539,HU233
Györköny,M17/T035,12326,HU233
Gyulaj,M17/T036,30359,HU233
Harc,M17/T037,14164,HU233
Hőgyész,M17/T038,26055,HU233
Iregszemcse,M17/T039,04701,HU233
Izmény,M17/T040,27711,HU233
Jágónak,M17/T041,09326,HU233
Kajdacs,M17/T042,14100,HU233
Kakasd,M17/T043,02033,HU233
Kalaznó,M17/T044,23791,HU233
Kapospula,M17/T045,23296,HU233
Kaposszekcső,M17/T046,18962,HU233
Keszőhidegkút,M17/T047,17640,HU233
Kéty,M17/T048,21731,HU233
Kisdorog,M17/T049,17710,HU233
Kismányok,M17/T050,06512,HU233
Kisszékely,M17/T051,27766,HU233
Kistormás,M17/T052,03869,HU233
Kisvejke,M17/T053,31185,HU233
Kocsola,M17/T054,22433,HU233
Koppányszántó,M17/T055,21184,HU233
Kölesd,M17/T056,10463,HU233
Kurd,M17/T057,20507,HU233
Lápafő,M17/T058,14605,HU233
Lengyel,M17/T059,24411,HU233
Madocsa,M17/T060,29337,HU233
Magyarkeszi,M17/T061,06017,HU233
Medina,M17/T062,30562,HU233
Miszla,M17/T063,02811,HU233
Mórágy,M17/T064,20701,HU233
Mőcsény,M17/T065,33349,HU233
Mucsfa,M17/T066,13620,HU233
Mucsi,M17/T067,07029,HU233
Murga,M17/T068,18917,HU233
Nagydorog,M17/T069,18388,HU233
Nagykónyi,M17/T070,27182,HU233
Nagymányok,M17/T071,14030,HU233
Nagyszékely,M17/T072,06761,HU233
Nagyszokoly,M17/T073,13709,HU233
Nagyvejke,M17/T074,16452,HU233
Nak,M17/T075,02796,HU233
Németkér,M17/T076,15006,HU233
Ozora,M17/T077,05661,HU233
Őcsény,M17/T078,08961,HU233
Paks,M17/T079,04862,HU233
Pálfa,M17/T080,09371,HU233
Pincehely,M17/T081,19585,HU233
Pörböly,M17/T082,33570,HU233
Pusztahencse,M17/T083,19938,HU233
Regöly,M17/T084,15459,HU233
Sárpilis,M17/T085,04747,HU233
Sárszentlőrinc,M17/T086,20817,HU233
Simontornya,M17/T087,20783,HU233
Sióagárd,M17/T088,25645,HU233
Szakadát,M17/T089,15316,HU233
Szakály,M17/T090,04464,HU233
Szakcs,M17/T091,10083,HU233
Szálka,M17/T092,14711,HU233
Szárazd,M17/T093,18263,HU233
Szedres,M17/T094,16814,HU233
Szekszárd,M17/T095,22761,HU233
Tamási,M17/T096,24563,HU233
Tengelic,M17/T097,06901,HU233
Tevel,M17/T098,31459,HU233
Tolna,M17/T099,25274,HU233
Tolnanémedi,M17/T100,11031,HU233
Udvari,M17/T101,21360,HU233
Újireg,M17/T102,20561,HU233
Varsád,M17/T103,06637,HU233
Váralja,M17/T104,32850,HU233
Várdomb,M17/T105,09414,HU233
Várong,M17/T106,29124,HU233
Závod,M17/T107,14304,HU233
Zomba,M17/T108,21625,HU233
Pári,M17/T109,09618,HU233
Acsád,M18/T001,07214,HU222
Alsószölnök,M18/T002,22549,HU222
Alsóújlak,M18/T003,22725,HU222
Andrásfa,M18/T004,12317,HU222
Apátistvánfalva,M18/T005,08873,HU222
Bajánsenye,M18/T006,17020,HU222
Balogunyom,M18/T007,05102,HU222
Bejcgyertyános,M18/T008,10384,HU222
Bérbaltavár,M18/T009,32124,HU222
Boba,M18/T010,29203,HU222
Borgáta,M18/T011,03090,HU222
Bozsok,M18/T012,05023,HU222
Bozzai,M18/T013,06390,HU222
Bögöt,M18/T014,11651,HU222
Bögöte,M18/T015,07296,HU222
Bő,M18/T016,05476,HU222
Bucsu,M18/T017,32984,HU222
Bük,M18/T018,02431,HU222
Cák,M18/T019,08271,HU222
Celldömölk,M18/T020,27094,HU222
Chernelházadamonya,M18/T021,09876,HU222
Csákánydoroszló,M18/T022,03911,HU222
Csánig,M18/T023,26772,HU222
Csehi,M18/T024,19488,HU222
Csehimindszent,M18/T025,12724,HU222
Csempeszkopács,M18/T026,23816,HU222
Csepreg,M18/T027,12140,HU222
Csénye,M18/T028,09070,HU222
Csipkerek,M18/T029,26064,HU222
Csönge,M18/T030,22390,HU222
Csörötnek,M18/T031,04224,HU222
Daraboshegy,M18/T032,15990,HU222
Dozmat,M18/T033,16151,HU222
Döbörhegy,M18/T034,20695,HU222
Döröske,M18/T035,03036,HU222
Duka,M18/T036,02927,HU222
Egervölgy,M18/T037,28796,HU222
Egyházashetye,M18/T038,10232,HU222
Egyházashollós,M18/T039,30429,HU222
Egyházasrádóc,M18/T040,25946,HU222
Felsőcsatár,M18/T041,13587,HU222
Felsőjánosfa,M18/T042,08013,HU222
Felsőmarác,M18/T043,29841,HU222
Felsőszölnök,M18/T044,23287,HU222
Gasztony,M18/T045,30906,HU222
Gencsapáti,M18/T046,24183,HU222
Gersekarát,M18/T047,30942,HU222
Gérce,M18/T048,26152,HU222
Gór,M18/T049,11156,HU222
Gyanógeregye,M18/T050,27030,HU222
Gyöngyösfalu,M18/T051,11943,HU222
Győrvár,M18/T052,09724,HU222
Halastó,M18/T053,29452,HU222
Halogy,M18/T054,10676,HU222
Harasztifalu,M18/T055,05713,HU222
Hegyfalu,M18/T056,32188,HU222
Hegyháthodász,M18/T057,14997,HU222
Hegyhátsál,M18/T058,30216,HU222
Hegyhátszentjakab,M18/T059,18032,HU222
Hegyhátszentmárton,M18/T060,21838,HU222
Hegyhátszentpéter,M18/T061,08226,HU222
Horvátlövő,M18/T062,12733,HU222
Horvátzsidány,M18/T063,16887,HU222
Hosszúpereszteg,M18/T064,20880,HU222
Ikervár,M18/T065,11387,HU222
Iklanberény,M18/T066,29504,HU222
Ispánk,M18/T067,07977,HU222
Ivánc,M18/T068,31680,HU222
Ják,M18/T069,13958,HU222
Jákfa,M18/T070,06406,HU222
Jánosháza,M18/T071,11679,HU222
Karakó,M18/T072,10913,HU222
Katafa,M18/T073,26620,HU222
Káld,M18/T074,29957,HU222
Kám,M18/T075,04640,HU222
Keléd,M18/T076,32036,HU222
Kemeneskápolna,M18/T077,16911,HU222
Kemenesmagasi,M18/T078,12247,HU222
Kemenesmihályfa,M18/T079,13426,HU222
Kemenespálfa,M18/T080,20996,HU222
Kemenessömjén,M18/T081,24484,HU222
Kemenesszentmárton,M18/T082,20084,HU222
Kemestaródfa,M18/T083,22716,HU222
Kenéz,M18/T084,02574,HU222
Kenyeri,M18/T085,09937,HU222
Kercaszomor,M18/T086,26596,HU222
Kerkáskápolna,M18/T087,19761,HU222
Kétvölgy,M18/T088,19345,HU222
Kisrákos,M18/T089,11147,HU222
Kissomlyó,M18/T090,05953,HU222
Kisunyom,M18/T091,02501,HU222
Kiszsidány,M18/T092,15486,HU222
Kondorfa,M18/T093,13028,HU222
Köcsk,M18/T094,04190,HU222
Körmend,M18/T095,13532,HU222
Kőszeg,M18/T096,16832,HU222
Kőszegdoroszló,M18/T097,05740,HU222
Kőszegpaty,M18/T098,26046,HU222
Kőszegszerdahely,M18/T099,20109,HU222
Lócs,M18/T100,29081,HU222
Lukácsháza,M18/T101,14021,HU222
Magyarlak,M18/T102,03221,HU222
Magyarnádalja,M18/T103,27289,HU222
Magyarszecsőd,M18/T104,17288,HU222
Magyarszombatfa,M18/T105,25423,HU222
Meggyeskovácsi,M18/T106,25760,HU222
Megyehíd,M18/T107,30872,HU222
Mersevát,M18/T108,14809,HU222
Mesterháza,M18/T109,31875,HU222
Mesteri,M18/T110,15723,HU222
Meszlen,M18/T111,32832,HU222
Mikosszéplak,M18/T112,30599,HU222
Molnaszecsőd,M18/T113,03294,HU222
Nagygeresd,M18/T114,09283,HU222
Nagykölked,M18/T115,32920,HU222
Nagymizdó,M18/T116,15060,HU222
Nagyrákos,M18/T117,29869,HU222
Nagysimonyi,M18/T118,26143,HU222
Nagytilaj,M18/T119,24837,HU222
Narda,M18/T120,02042,HU222
Nádasd,M18/T121,06716,HU222
Nárai,M18/T122,17367,HU222
Nemesbőd,M18/T123,24509,HU222
Nemescsó,M18/T124,23320,HU222
Nemeskeresztúr,M18/T125,03674,HU222
Nemeskocs,M18/T126,02839,HU222
Nemeskolta,M18/T127,24059,HU222
Nemesládony,M18/T128,26240,HU222
Nemesmedves,M18/T129,31556,HU222
Nemesrempehollós,M18/T130,09672,HU222
Nick,M18/T131,10843,HU222
Nyőgér,M18/T132,22318,HU222
Olaszfa,M18/T133,19743,HU222
Orfalu,M18/T134,17093,HU222
Ostffyasszonyfa,M18/T135,32629,HU222
Oszkó,M18/T136,07667,HU222
Ólmod,M18/T137,22044,HU222
Ölbő,M18/T138,12043,HU222
Őrimagyarósd,M18/T139,13453,HU222
Őriszentpéter,M18/T140,10630,HU222
Pankasz,M18/T141,23108,HU222
Pácsony,M18/T142,07162,HU222
Pápoc,M18/T143,14067,HU222
Pecöl,M18/T144,14988,HU222
Perenye,M18/T145,13684,HU222
Peresznye,M18/T146,08882,HU222
Petőmihályfa,M18/T147,11572,HU222
Pinkamindszent,M18/T148,06248,HU222
Pornóapáti,M18/T149,20367,HU222
Porpác,M18/T150,29896,HU222
Pósfa,M18/T151,15671,HU222
Pusztacsó,M18/T152,10311,HU222
Püspökmolnári,M18/T153,07278,HU222
Rábagyarmat,M18/T154,26736,HU222
Rábahídvég,M18/T155,03197,HU222
Rábapaty,M18/T156,26073,HU222
Rábatöttös,M18/T157,17996,HU222
Rádóckölked,M18/T158,07551,HU222
Rátót,M18/T159,23861,HU222
Répcelak,M18/T160,30881,HU222
Répceszentgyörgy,M18/T161,28626,HU222
Rönök,M18/T162,26806,HU222
Rum,M18/T163,10597,HU222
Sajtoskál,M18/T164,10579,HU222
Salköveskút,M18/T165,18883,HU222
Sárfimizdó,M18/T166,09788,HU222
Sárvár,M18/T167,21306,HU222
Sé,M18/T168,10278,HU222
Simaság,M18/T169,26763,HU222
Sitke,M18/T170,30748,HU222
Sorkifalud,M18/T171,07171,HU222
Sorkikápolna,M18/T172,27960,HU222
Sorokpolány,M18/T173,29692,HU222
Sótony,M18/T174,22983,HU222
Söpte,M18/T175,24800,HU222
Szaknyér,M18/T176,16504,HU222
Szakonyfalu,M18/T177,20932,HU222
Szalafő,M18/T178,10223,HU222
Szarvaskend,M18/T179,17729,HU222
Szatta,M18/T180,02440,HU222
Szeleste,M18/T181,33172,HU222
Szemenye,M18/T182,27997,HU222
Szentgotthárd,M18/T183,31583,HU222
Szentpéterfa,M18/T184,21254,HU222
Szergény,M18/T185,27793,HU222
Szombathely,M18/T186,03009,HU222
Szőce,M18/T187,19521,HU222
Tanakajd,M18/T188,16212,HU222
Táplánszentkereszt,M18/T189,32045,HU222
Telekes,M18/T190,29568,HU222
Tokorcs,M18/T191,09229,HU222
Tompaládony,M18/T192,12335,HU222
Tormásliget,M18/T193,34087,HU222
Torony,M18/T194,29878,HU222
Tömörd,M18/T195,05166,HU222
Uraiújfalu,M18/T196,21537,HU222
Vasalja,M18/T197,02884,HU222
Vasasszonyfa,M18/T198,20394,HU222
Vasegerszeg,M18/T199,15334,HU222
Vashosszúfalu,M18/T200,20349,HU222
Vaskeresztes,M18/T201,30702,HU222
Vassurány,M18/T202,25982,HU222
Vasszentmihály,M18/T203,11633,HU222
Vasszécseny,M18/T204,29373,HU222
Vasszilvágy,M18/T205,12104,HU222
Vasvár,M18/T206,04695,HU222
Vámoscsalád,M18/T207,31051,HU222
Vásárosmiske,M18/T208,09195,HU222
Vát,M18/T209,02246,HU222
Velem,M18/T210,26000,HU222
Velemér,M18/T211,18430,HU222
Vép,M18/T212,26426,HU222
Viszák,M18/T213,07940,HU222
Vönöck,M18/T214,03142,HU222
Zsennye,M18/T215,12292,HU222
Zsédeny,M18/T216,21643,HU222
Adásztevel,M19/T001,07302,HU213
Adorjánháza,M19/T002,31307,HU213
Ajka,M19/T003,06673,HU213
Alsóörs,M19/T004,30526,HU213
Apácatorna,M19/T005,28370,HU213
Aszófő,M19/T006,07339,HU213
Ábrahámhegy,M19/T007,04561,HU213
Badacsonytomaj,M19/T008,22327,HU213
Badacsonytördemic,M19/T009,03267,HU213
Bakonybél,M19/T010,23746,HU213
Bakonyjákó,M19/T011,29513,HU213
Bakonykoppány,M19/T012,07287,HU213
Bakonynána,M19/T013,25991,HU213
Bakonyoszlop,M19/T014,30410,HU213
Bakonypölöske,M19/T015,06327,HU213
Bakonyság,M19/T016,29902,HU213
Bakonyszentiván,M19/T017,23922,HU213
Bakonyszentkirály,M19/T018,22813,HU213
Bakonyszücs,M19/T019,26417,HU213
Bakonytamási,M19/T020,24129,HU213
Balatonakali,M19/T021,25308,HU213
Balatonalmádi,M19/T022,05838,HU213
Balatoncsicsó,M19/T023,03072,HU213
Balatonederics,M19/T024,12238,HU213
Balatonfőkajár,M19/T025,29461,HU213
Balatonfüred,M19/T026,21175,HU213
Balatonfűzfő,M19/T027,02219,HU213
Balatonhenye,M19/T028,03638,HU213
Balatonkenese,M19/T029,05148,HU213
Balatonrendes,M19/T030,33844,HU213
Balatonszepezd,M19/T031,17154,HU213
Balatonszőlős,M19/T032,28501,HU213
Balatonudvari,M19/T033,15565,HU213
Barnag,M19/T035,15778,HU213
Bazsi,M19/T036,07427,HU213
Bánd,M19/T037,14173,HU213
Berhida,M19/T038,33127,HU213
Béb,M19/T039,22901,HU213
Békás,M19/T040,27058,HU213
Bodorfa,M19/T041,04321,HU213
Borszörcsök,M19/T042,04765,HU213
Borzavár,M19/T043,30252,HU213
Csabrendek,M19/T044,30924,HU213
Csajág,M19/T045,16072,HU213
Csehbánya,M19/T046,20251,HU213
Csesznek,M19/T047,24642,HU213
Csetény,M19/T048,31699,HU213
Csopak,M19/T049,02185,HU213
Csót,M19/T050,32878,HU213
Csögle,M19/T051,32814,HU213
Dabronc,M19/T052,17172,HU213
Dabrony,M19/T053,28237,HU213
Dáka,M19/T054,20154,HU213
Devecser,M19/T055,32276,HU213
Doba,M19/T056,10870,HU213
Döbrönte,M19/T057,29470,HU213
Dörgicse,M19/T058,06363,HU213
Dudar,M19/T059,02936,HU213
Egeralja,M19/T060,33871,HU213
Egyházaskesző,M19/T061,10445,HU213
Eplény,M19/T062,33941,HU213
Farkasgyepű,M19/T063,10250,HU213
Felsőörs,M19/T064,24369,HU213
Ganna,M19/T065,12742,HU213
Gecse,M19/T066,09292,HU213
Gic,M19/T067,16717,HU213
Gógánfa,M19/T068,18193,HU213
Gyepükaján,M19/T069,28671,HU213
Gyulakeszi,M19/T070,09520,HU213
Hajmáskér,M19/T071,15361,HU213
Halimba,M19/T072,07898,HU213
Hárskút,M19/T073,25566,HU213
Hegyesd,M19/T074,02422,HU213
Hegymagas,M19/T075,25803,HU213
Herend,M19/T076,23658,HU213
Hetyefő,M19/T077,15088,HU213
Hidegkút,M19/T078,20756,HU213
Homokbödöge,M19/T079,27818,HU213
Hosztót,M19/T080,07250,HU213
Iszkáz,M19/T081,28015,HU213
Jásd,M19/T082,17437,HU213
Kamond,M19/T083,19141,HU213
Kapolcs,M19/T084,14553,HU213
Karakószörcsök,M19/T085,08749,HU213
Káptalanfa,M19/T086,14270,HU213
Káptalantóti,M19/T087,05634,HU213
Kemeneshőgyész,M19/T088,19734,HU213
Kemenesszentpéter,M19/T089,12478,HU213
Kerta,M19/T090,25654,HU213
Kékkút,M19/T091,26037,HU213
Királyszentistván,M19/T092,05421,HU213
Kisapáti,M19/T093,07931,HU213
Kisberzseny,M19/T094,29072,HU213
Kiscsősz,M19/T095,23700,HU213
Kislőd,M19/T096,30173,HU213
Kispirit,M19/T097,04288,HU213
Kisszőlős,M19/T098,23001,HU213
Kolontár,M19/T099,30182,HU213
Köveskál,M19/T100,25858,HU213
Kővágóörs,M19/T101,23454,HU213
Kup,M19/T102,26541,HU213
Külsővat,M19/T103,16142,HU213
Küngös,M19/T104,04066,HU213
Lesencefalu,M19/T105,17570,HU213
Lesenceistvánd,M19/T106,21962,HU213
Lesencetomaj,M19/T107,17871,HU213
Litér,M19/T108,04552,HU213
Lovas,M19/T109,05564,HU213
Lovászpatona,M19/T110,05087,HU213
Lókút,M19/T111,18856,HU213
Magyargencs,M19/T112,26374,HU213
Magyarpolány,M19/T113,20437,HU213
Malomsok,M19/T114,03610,HU213
Marcalgergelyi,M19/T115,29294,HU213
Marcaltő,M19/T116,22220,HU213
Márkó,M19/T117,32212,HU213
Megyer,M19/T118,04987,HU213
Mencshely,M19/T119,27137,HU213
Mezőlak,M19/T120,23560,HU213
Mihályháza,M19/T121,04668,HU213
Mindszentkálla,M19/T122,04534,HU213
Monostorapáti,M19/T123,24040,HU213
Monoszló,M19/T124,22512,HU213
Nagyacsád,M19/T125,23551,HU213
Nagyalásony,M19/T126,27979,HU213
Nagydém,M19/T127,10001,HU213
Nagyesztergár,M19/T128,23180,HU213
Nagygyimót,M19/T129,08262,HU213
Nagypirit,M19/T130,21403,HU213
Nagytevel,M19/T131,25201,HU213
Nagyvázsony,M19/T132,19196,HU213
Nemesgörzsöny,M19/T133,05652,HU213
Nemesgulács,M19/T134,02787,HU213
Nemeshany,M19/T135,05555,HU213
Nemesszalók,M19/T136,21759,HU213
Nemesvámos,M19/T137,02194,HU213
Nemesvita,M19/T138,28422,HU213
Németbánya,M19/T139,10409,HU213
Noszlop,M19/T140,14757,HU213
Nóráp,M19/T141,26523,HU213
Nyárád,M19/T142,29009,HU213
Nyirád,M19/T143,24004,HU213
Olaszfalu,M19/T144,26514,HU213
Oroszi,M19/T145,16595,HU213
Óbudavár,M19/T146,23913,HU213
Öcs,M19/T147,28112,HU213
Örvényes,M19/T148,10092,HU213
Öskü,M19/T149,25450,HU213
Ősi,M19/T150,24068,HU213
Paloznak,M19/T151,17011,HU213
Papkeszi,M19/T152,07348,HU213
Pápa,M19/T153,31945,HU213
Pápadereske,M19/T154,19868,HU213
Pápakovácsi,M19/T155,11855,HU213
Pápasalamon,M19/T156,21607,HU213
Pápateszér,M19/T157,31255,HU213
Pécsely,M19/T158,22451,HU213
Pénzesgyőr,M19/T159,15547,HU213
Pétfürdő,M19/T160,34254,HU213
Porva,M19/T161,23515,HU213
Pula,M19/T162,11420,HU213
Pusztamiske,M19/T163,28972,HU213
Raposka,M19/T164,03948,HU213
Révfülöp,M19/T165,05625,HU213
Rigács,M19/T166,25849,HU213
Salföld,M19/T167,30793,HU213
Sáska,M19/T168,13772,HU213
Somlójenő,M19/T169,05157,HU213
Somlószőlős,M19/T170,25779,HU213
Somlóvásárhely,M19/T171,26569,HU213
Somlóvecse,M19/T172,14243,HU213
Sóly,M19/T173,03601,HU213
Sümeg,M19/T174,25593,HU213
Sümegprága,M19/T175,05388,HU213
Szápár,M19/T176,16489,HU213
Szentantalfa,M19/T177,03568,HU213
Szentbékkálla,M19/T178,07092,HU213
Szentgál,M19/T179,07922,HU213
Szentimrefalva,M19/T180,10065,HU213
Szentjakabfa,M19/T181,11545,HU213
Szentkirályszabadja,M19/T182,16267,HU213
Szigliget,M19/T183,24891,HU213
Szőc,M19/T184,16692,HU213
Tagyon,M19/T185,17039,HU213
Takácsi,M19/T186,13125,HU213
Taliándörögd,M19/T187,17321,HU213
Tapolca,M19/T188,29434,HU213
Tés,M19/T189,20570,HU213
Tihany,M19/T190,30465,HU213
Tótvázsony,M19/T191,02714,HU213
Tüskevár,M19/T192,04631,HU213
Ugod,M19/T193,24767,HU213
Ukk,M19/T194,23010,HU213
Uzsa,M19/T195,34218,HU213
Úrkút,M19/T196,20853,HU213
Vanyola,M19/T197,21777,HU213
Vaszar,M19/T198,26648,HU213
Várkesző,M19/T199,26204,HU213
Városlőd,M19/T200,07065,HU213
Várpalota,M19/T201,11439,HU213
Vászoly,M19/T202,16656,HU213
Veszprém,M19/T203,11767,HU213
Veszprémfajsz,M19/T204,21430,HU213
Veszprémgalsa,M19/T205,19336,HU213
Vid,M19/T206,09502,HU213
Vigántpetend,M19/T207,09733,HU213
Vilonya,M19/T208,15705,HU213
Vinár,M19/T209,24651,HU213
Vöröstó,M19/T210,11703,HU213
Zalaerdőd,M19/T211,29993,HU213
Zalagyömörő,M19/T212,27207,HU213
Zalahaláp,M19/T213,12654,HU213
Zalameggyes,M19/T214,33039,HU213
Zalaszegvár,M19/T215,23597,HU213
Zánka,M19/T216,20826,HU213
Zirc,M19/T217,26499,HU213
Alibánfa,M20/T001,02644,HU223
Almásháza,M20/T002,23384,HU223
Alsónemesapáti,M20/T003,19512,HU223
Alsópáhok,M20/T004,32081,HU223
Alsórajk,M20/T005,18829,HU223
Alsószenterzsébet,M20/T006,08767,HU223
Babosdöbréte,M20/T007,21263,HU223
Baglad,M20/T008,11059,HU223
Bagod,M20/T009,30368,HU223
Bak,M20/T010,04738,HU223
Baktüttös,M20/T011,15097,HU223
Balatongyörök,M20/T012,17002,HU223
Balatonmagyaród,M20/T013,26462,HU223
Barlahida,M20/T014,27447,HU223
Batyk,M20/T015,24864,HU223
Bánokszentgyörgy,M20/T016,08439,HU223
Bázakerettye,M20/T017,18698,HU223
Becsehely,M20/T018,23144,HU223
Becsvölgye,M20/T019,18360,HU223
Belezna,M20/T020,09168,HU223
Belsősárd,M20/T021,20950,HU223
Bezeréd,M20/T022,12830,HU223
Bocfölde,M20/T023,17543,HU223
Bocska,M20/T024,31291,HU223
Boncodfölde,M20/T025,10782,HU223
Borsfa,M20/T026,10056,HU223
Bókaháza,M20/T027,19929,HU223
Böde,M20/T028,22877,HU223
Bödeháza,M20/T029,04163,HU223
Börzönce,M20/T030,21139,HU223
Búcsúszentlászló,M20/T031,20613,HU223
Bucsuta,M20/T032,07986,HU223
Csapi,M20/T033,06132,HU223
Csatár,M20/T034,23436,HU223
Cserszegtomaj,M20/T035,07135,HU223
Csertalakos,M20/T036,10649,HU223
Csesztreg,M20/T037,02583,HU223
Csonkahegyhát,M20/T038,31149,HU223
Csöde,M20/T039,27492,HU223
Csömödér,M20/T040,29364,HU223
Csörnyeföld,M20/T041,33978,HU223
Dióskál,M20/T042,28778,HU223
Dobri,M20/T043,25885,HU223
Dobronhegy,M20/T044,32708,HU223
Döbröce,M20/T045,07782,HU223
Dötk,M20/T046,16009,HU223
Egeraracsa,M20/T047,24262,HU223
Egervár,M20/T048,33428,HU223
Eszteregnye,M20/T049,06178,HU223
Esztergályhorváti,M20/T050,15769,HU223
Felsőpáhok,M20/T051,11642,HU223
Felsőrajk,M20/T052,21476,HU223
Felsőszenterzsébet,M20/T053,30890,HU223
Fityeház,M20/T054,19187,HU223
Fűzvölgy,M20/T055,16531,HU223
Galambok,M20/T056,12991,HU223
Garabonc,M20/T057,12946,HU223
Gáborjánháza,M20/T058,17516,HU223
Gellénháza,M20/T059,08068,HU223
Gelse,M20/T060,12089,HU223
Gelsesziget,M20/T061,09089,HU223
Gétye,M20/T062,20039,HU223
Gombosszeg,M20/T063,17613,HU223
Gosztola,M20/T064,13569,HU223
Gősfa,M20/T065,29771,HU223
Gutorfölde,M20/T066,02097,HU223
Gyenesdiás,M20/T067,23302,HU223
Gyűrűs,M20/T068,12539,HU223
Hagyárosbörönd,M20/T069,10931,HU223
Hahót,M20/T070,10269,HU223
Hernyék,M20/T071,19895,HU223
Hévíz,M20/T072,03814,HU223
Homokkomárom,M20/T073,24873,HU223
Hosszúvölgy,M20/T074,11208,HU223
Hottó,M20/T075,28325,HU223
Iborfia,M20/T076,03188,HU223
Iklódbördőce,M20/T077,13921,HU223
Kacorlak,M20/T078,22965,HU223
Kallósd,M20/T079,05537,HU223
Karmacs,M20/T080,18041,HU223
Kálócfa,M20/T081,21500,HU223
Kányavár,M20/T082,04473,HU223
Kávás,M20/T083,32063,HU223
Kehidakustány,M20/T084,32902,HU223
Kemendollár,M20/T085,25353,HU223
Keménfa,M20/T086,06071,HU223
Kerecseny,M20/T087,31529,HU223
Kerkabarabás,M20/T088,29489,HU223
Kerkafalva,M20/T089,15112,HU223
Kerkakutas,M20/T090,22080,HU223
Kerkaszentkirály,M20/T091,09575,HU223
Kerkateskánd,M20/T092,32647,HU223
Keszthely,M20/T093,18421,HU223
Kilimán,M20/T094,32267,HU223
Kisbucsa,M20/T095,21379,HU223
Kiscsehi,M20/T096,16249,HU223
Kisgörbő,M20/T097,09812,HU223
Kiskutas,M20/T098,20312,HU223
Kispáli,M20/T099,16081,HU223
Kisrécse,M20/T100,32726,HU223
Kissziget,M20/T101,13055,HU223
Kistolmács,M20/T102,20941,HU223
Kisvásárhely,M20/T103,16364,HU223
Kozmadombja,M20/T104,13082,HU223
Kustánszeg,M20/T105,19479,HU223
Külsősárd,M20/T106,32221,HU223
Lakhegy,M20/T107,33792,HU223
Lasztonya,M20/T108,03434,HU223
Lendvadedes,M20/T109,27483,HU223
Lendvajakabfa,M20/T110,11475,HU223
Lenti,M20/T111,12575,HU223
Letenye,M20/T112,12122,HU223
Lickóvadamos,M20/T113,03054,HU223
Ligetfalva,M20/T114,28200,HU223
Lispeszentadorján,M20/T115,10889,HU223
Liszó,M20/T116,25025,HU223
Lovászi,M20/T117,28167,HU223
Magyarföld,M20/T118,08916,HU223
Magyarszentmiklós,M20/T119,02909,HU223
Magyarszerdahely,M20/T120,13064,HU223
Maróc,M20/T121,02103,HU223
Márokföld,M20/T122,31981,HU223
Miháld,M20/T123,27526,HU223
Mihályfa,M20/T124,02130,HU223
Mikekarácsonyfa,M20/T125,22141,HU223
Milejszeg,M20/T126,02662,HU223
Misefa,M20/T127,04756,HU223
Molnári,M20/T128,21014,HU223
Murakeresztúr,M20/T129,25210,HU223
Murarátka,M20/T130,07968,HU223
Muraszemenye,M20/T131,33987,HU223
Nagybakónak,M20/T132,12760,HU223
Nagygörbő,M20/T133,05218,HU223
Nagykanizsa,M20/T134,30933,HU223
Nagykapornak,M20/T135,20589,HU223
Nagykutas,M20/T136,22178,HU223
Nagylengyel,M20/T137,04455,HU223
Nagypáli,M20/T138,28468,HU223
Nagyrada,M20/T139,16513,HU223
Nagyrécse,M20/T140,14979,HU223
Nemesapáti,M20/T141,06169,HU223
Nemesbük,M20/T142,32948,HU223
Nemeshetés,M20/T143,07658,HU223
Nemesnép,M20/T144,32665,HU223
Nemespátró,M20/T145,19859,HU223
Nemesrádó,M20/T146,18023,HU223
Nemessándorháza,M20/T147,25609,HU223
Nemesszentandrás,M20/T148,08059,HU223
Németfalu,M20/T149,25414,HU223
Nova,M20/T150,03355,HU223
Oltárc,M20/T151,25478,HU223
Orbányosfa,M20/T152,20835,HU223
Ormándlak,M20/T153,22497,HU223
Orosztony,M20/T154,25052,HU223
Ortaháza,M20/T155,04950,HU223
Ozmánbük,M20/T156,18953,HU223
Óhíd,M20/T157,27775,HU223
Pacsa,M20/T158,31741,HU223
Padár,M20/T159,24776,HU223
Pakod,M20/T160,24271,HU223
Pat,M20/T161,29656,HU223
Páka,M20/T162,29160,HU223
Pálfiszeg,M20/T163,14720,HU223
Pethőhenye,M20/T164,05704,HU223
Petrikeresztúr,M20/T165,19178,HU223
Petrivente,M20/T166,30757,HU223
Pókaszepetk,M20/T167,21050,HU223
Pórszombat,M20/T168,16850,HU223
Pölöske,M20/T169,09867,HU223
Pölöskefő,M20/T170,31112,HU223
Pördefölde,M20/T171,32513,HU223
Pötréte,M20/T172,24660,HU223
Pusztaapáti,M20/T173,16920,HU223
Pusztaederics,M20/T174,27465,HU223
Pusztamagyaród,M20/T175,06530,HU223
Pusztaszentlászló,M20/T176,26639,HU223
Ramocsa,M20/T177,14298,HU223
Resznek,M20/T178,17118,HU223
Rezi,M20/T179,23898,HU223
Rédics,M20/T180,31592,HU223
Rigyác,M20/T181,24138,HU223
Salomvár,M20/T182,27720,HU223
Sand,M20/T183,15556,HU223
Sárhida,M20/T184,08101,HU223
Sármellék,M20/T185,14906,HU223
Semjénháza,M20/T186,30997,HU223
Sénye,M20/T187,14085,HU223
Sormás,M20/T188,06567,HU223
Söjtör,M20/T189,19080,HU223
Surd,M20/T190,02404,HU223
Sümegcsehi,M20/T191,21397,HU223
Szalapa,M20/T192,20543,HU223
Szentgyörgyvár,M20/T193,23126,HU223
Szentgyörgyvölgy,M20/T194,18652,HU223
Szentkozmadombja,M20/T195,03124,HU223
Szentliszló,M20/T196,08615,HU223
Szentmargitfalva,M20/T197,14225,HU223
Szentpéterfölde,M20/T198,30067,HU223
Szentpéterúr,M20/T199,11165,HU223
Szepetnek,M20/T200,07700,HU223
Szécsisziget,M20/T201,11554,HU223
Szijártóháza,M20/T202,26161,HU223
Szilvágy,M20/T203,17853,HU223
Teskánd,M20/T204,08828,HU223
Tilaj,M20/T205,27951,HU223
Tormafölde,M20/T206,04969,HU223
Tornyiszentmiklós,M20/T207,32638,HU223
Tófej,M20/T208,05342,HU223
Tótszentmárton,M20/T209,16382,HU223
Tótszerdahely,M20/T210,25113,HU223
Türje,M20/T211,12609,HU223
Újudvar,M20/T212,32197,HU223
Valkonya,M20/T213,26268,HU223
Vasboldogasszony,M20/T214,10302,HU223
Vaspör,M20/T215,14322,HU223
Vállus,M20/T216,10685,HU223
Várfölde,M20/T217,02529,HU223
Várvölgy,M20/T218,14182,HU223
Vindornyafok,M20/T219,32142,HU223
Vindornyalak,M20/T220,06549,HU223
Vindornyaszőlős,M20/T221,11800,HU223
Vonyarcvashegy,M20/T222,12919,HU223
Vöckönd,M20/T223,08369,HU223
Zajk,M20/T224,24590,HU223
Zalaapáti,M20/T225,17400,HU223
Zalabaksa,M20/T226,07579,HU223
Zalabér,M20/T227,24280,HU223
Zalaboldogfa,M20/T228,28495,HU223
Zalacsány,M20/T229,04002,HU223
Zalacséb,M20/T230,02486,HU223
Zalaegerszeg,M20/T231,32054,HU223
Zalaháshágy,M20/T232,23834,HU223
Zalaigrice,M20/T233,16896,HU223
Zalaistvánd,M20/T234,12496,HU223
Zalakaros,M20/T235,11785,HU223
Zalakomár,M20/T236,10348,HU223
Zalaköveskút,M20/T237,18768,HU223
Zalalövő,M20/T238,30313,HU223
Zalamerenye,M20/T239,31617,HU223
Zalasárszeg,M20/T240,02972,HU223
Zalaszabar,M20/T241,22947,HU223
Zalaszántó,M20/T242,33288,HU223
Zalaszentbalázs,M20/T243,18564,HU223
Zalaszentgrót,M20/T244,32522,HU223
Zalaszentgyörgy,M20/T245,33136,HU223
Zalaszentiván,M20/T246,02608,HU223
Zalaszentjakab,M20/T247,18096,HU223
Zalaszentlászló,M20/T248,07232,HU223
Zalaszentlőrinc,M20/T249,13301,HU223
Zalaszentmárton,M20/T250,13091,HU223
Zalaszentmihály,M20/T251,18449,HU223
Zalaszombatfa,M20/T252,27562,HU223
Zalatárnok,M20/T253,29683,HU223
Zalaújlak,M20/T254,09380,HU223
Zalavár,M20/T255,13736,HU223
Zalavég,M20/T256,17057,HU223
Zebecke,M20/T257,03726,HU223
Tekenye,M20/T258,24703,HU223
